index,date,price
1,"January 1, 2015",314
2,"January 2, 2015",314
3,"January 3, 2015",287
4,"January 4, 2015",261
5,"January 5, 2015",273
6,"January 6, 2015",285
7,"January 7, 2015",296
8,"January 8, 2015",284
9,"January 9, 2015",290
10,"January 10, 2015",275
11,"January 11, 2015",267
12,"January 12, 2015",268
13,"January 13, 2015",221
14,"January 14, 2015",172
15,"January 15, 2015",211
16,"January 16, 2015",206
17,"January 17, 2015",199
18,"January 18, 2015",209
19,"January 19, 2015",215
20,"January 20, 2015",211
21,"January 21, 2015",224
22,"January 22, 2015",232
23,"January 23, 2015",233
24,"January 24, 2015",248
25,"January 25, 2015",254
26,"January 26, 2015",271
27,"January 27, 2015",259
28,"January 29, 2015",233
29,"January 30, 2015",229
30,"January 31, 2015",218
31,"February 1, 2015",226
32,"February 2, 2015",240
33,"February 3, 2015",226
34,"February 4, 2015",225
35,"February 5, 2015",217
36,"February 6, 2015",222
37,"February 7, 2015",227
38,"February 8, 2015",223
39,"February 9, 2015",220
40,"February 10, 2015",221
41,"February 11, 2015",219
42,"February 12, 2015",222
43,"February 13, 2015",236
44,"February 14, 2015",259
45,"February 15, 2015",233
46,"February 16, 2015",236
47,"February 17, 2015",242
48,"February 18, 2015",235
49,"February 19, 2015",240
50,"February 20, 2015",244
51,"February 21, 2015",244
52,"February 22, 2015",236
53,"February 23, 2015",238
54,"February 24, 2015",239
55,"February 25, 2015",237
56,"February 26, 2015",236
57,"February 27, 2015",254
58,"February 28, 2015",254
59,"March 1, 2015",258
60,"March 2, 2015",270
61,"March 3, 2015",281
62,"March 4, 2015",273
63,"March 5, 2015",275
64,"March 6, 2015",272
65,"March 7, 2015",276
66,"March 8, 2015",275
67,"March 9, 2015",289
68,"March 10, 2015",290
69,"March 11, 2015",296
70,"March 12, 2015",294
71,"March 13, 2015",288
72,"March 14, 2015",281
73,"March 15, 2015",285
74,"March 16, 2015",290
75,"March 17, 2015",284
76,"March 18, 2015",256
77,"March 19, 2015",260
78,"March 20, 2015",261
79,"March 21, 2015",259
80,"March 22, 2015",268
81,"March 23, 2015",266
82,"March 24, 2015",245
83,"March 25, 2015",246
84,"March 26, 2015",248
85,"March 27, 2015",247
86,"March 28, 2015",252
87,"March 29, 2015",242
88,"March 30, 2015",247
89,"March 31, 2015",243
90,"April 1, 2015",247
91,"April 2, 2015",252
92,"April 3, 2015",254
93,"April 4, 2015",253
94,"April 5, 2015",260
95,"April 6, 2015",255
96,"April 7, 2015",253
97,"April 8, 2015",244
98,"April 9, 2015",243
99,"April 10, 2015",235
100,"April 11, 2015",236
101,"April 12, 2015",236
102,"April 13, 2015",224
103,"April 14, 2015",218
104,"April 15, 2015",223
105,"April 16, 2015",228
106,"April 17, 2015",222
107,"April 18, 2015",223
108,"April 19, 2015",223
109,"April 20, 2015",224
110,"April 21, 2015",235
111,"April 22, 2015",234
112,"April 23, 2015",235
113,"April 24, 2015",231
114,"April 25, 2015",226
115,"April 26, 2015",219
116,"April 27, 2015",229
117,"April 28, 2015",226
118,"April 29, 2015",226
119,"April 30, 2015",236
120,"may 1, 2015",233
121,"may 2, 2015",235
122,"may 3, 2015",240
123,"may 4, 2015",239
124,"may 5, 2015",236
125,"may 6, 2015",230
126,"may 7, 2015",237
127,"may 8, 2015",244
128,"may 9, 2015",242
129,"may 10, 2015",240
130,"may 11, 2015",242
131,"may 12, 2015",242
132,"may 13, 2015",235
133,"may 14, 2015",237
134,"may 15, 2015",237
135,"may 16, 2015",236
136,"may 17, 2015",236
137,"may 18, 2015",232
138,"may 19, 2015",232
139,"may 20, 2015",234
140,"may 21, 2015",235
141,"may 22, 2015",241
142,"may 23, 2015",239
143,"may 24, 2015",241
144,"may 25, 2015",237
145,"may 26, 2015",237
146,"may 27, 2015",237
147,"may 28, 2015",237
148,"may 29, 2015",237
149,"may 30, 2015",233
150,"may 31, 2015",230
151,"June 1, 2015",223
152,"June 2, 2015",226
153,"June 3, 2015",225
154,"June 4, 2015",224
155,"June 5, 2015",225
156,"June 6, 2015",225
157,"June 7, 2015",224
158,"June 8, 2015",229
159,"June 9, 2015",230
160,"June 10, 2015",229
161,"June 11, 2015",230
162,"June 12, 2015",231
163,"June 13, 2015",233
164,"June 14, 2015",234
165,"June 15, 2015",237
166,"June 16, 2015",250
167,"June 17, 2015",248
168,"June 18, 2015",249
169,"June 19, 2015",243
170,"June 20, 2015",245
171,"June 21, 2015",244
172,"June 22, 2015",247
173,"June 23, 2015",244
174,"June 24, 2015",241
175,"June 25, 2015",242
176,"June 26, 2015",242
177,"June 27, 2015",251
178,"June 28, 2015",248
179,"June 29, 2015",256
180,"June 30, 2015",262
181,"July 1, 2015",258
182,"July 2, 2015",255
183,"July 3, 2015",255
184,"July 4, 2015",260
185,"July 5, 2015",271
186,"July 6, 2015",269
187,"July 7, 2015",265
188,"July 8, 2015",270
189,"July 9, 2015",269
190,"July 10, 2015",285
191,"July 11, 2015",292
192,"July 12, 2015",310
193,"July 13, 2015",291
194,"July 14, 2015",287
195,"July 15, 2015",284
196,"July 16, 2015",277
197,"July 17, 2015",278
198,"July 18, 2015",274
199,"July 19, 2015",273
200,"July 20, 2015",277
201,"July 21, 2015",275
202,"July 22, 2015",276
203,"July 23, 2015",276
204,"July 24, 2015",288
205,"July 25, 2015",288
206,"July 26, 2015",292
207,"July 27, 2015",293
208,"July 28, 2015",294
209,"July 29, 2015",289
210,"July 30, 2015",287
211,"July 31, 2015",284
212,"August 1, 2015",281
213,"August 2, 2015",282
214,"August 3, 2015",282
215,"August 4, 2015",284
216,"August 5, 2015",281
217,"August 6, 2015",278
218,"August 7, 2015",279
219,"August 8, 2015",260
220,"August 9, 2015",264
221,"August 10, 2015",264
222,"August 11, 2015",270
223,"August 12, 2015",268
224,"August 13, 2015",264
225,"August 14, 2015",265
226,"August 15, 2015",260
227,"August 16, 2015",258
228,"August 17, 2015",257
229,"August 18, 2015",253
230,"August 19, 2015",226
231,"August 20, 2015",235
232,"August 21, 2015",232
233,"August 22, 2015",229
234,"August 23, 2015",227
235,"August 24, 2015",210
236,"August 25, 2015",221
237,"August 26, 2015",225
238,"August 27, 2015",223
239,"August 28, 2015",232
240,"August 29, 2015",228
241,"August 30, 2015",228
242,"August 31, 2015",230
243,"September 1, 2015",227
244,"September 2, 2015",229
245,"September 3, 2015",227
246,"September 4, 2015",230
247,"September 5, 2015",235
248,"September 6, 2015",239
249,"September 7, 2015",241
250,"September 8, 2015",244
251,"September 9, 2015",238
252,"September 10, 2015",239
253,"September 11, 2015",240
254,"September 12, 2015",235
255,"September 13, 2015",231
256,"September 14, 2015",230
257,"September 15, 2015",230
258,"September 16, 2015",228
259,"September 17, 2015",233
260,"September 18, 2015",232
261,"September 19, 2015",231
262,"September 20, 2015",231
263,"September 21, 2015",226
264,"September 22, 2015",230
265,"September 23, 2015",230
266,"September 24, 2015",234
267,"September 25, 2015",235
268,"September 26, 2015",235
269,"September 27, 2015",233
270,"September 28, 2015",239
271,"September 29, 2015",237
272,"September 30, 2015",236
273,"October 1, 2015",238
274,"October 2, 2015",237
275,"October 3, 2015",239
276,"October 4, 2015",239
277,"October 5, 2015",240
278,"October 6, 2015",246
279,"October 7, 2015",243
280,"October 8, 2015",243
281,"October 9, 2015",244
282,"October 10, 2015",245
283,"October 11, 2015",248
284,"October 12, 2015",246
285,"October 13, 2015",249
286,"October 14, 2015",253
287,"October 15, 2015",255
288,"October 16, 2015",262
289,"October 17, 2015",270
290,"October 18, 2015",262
291,"October 19, 2015",264
292,"October 20, 2015",270
293,"October 21, 2015",267
294,"October 22, 2015",274
295,"October 23, 2015",277
296,"October 24, 2015",283
297,"October 25, 2015",285
298,"October 26, 2015",286
299,"October 27, 2015",295
300,"October 28, 2015",304
301,"October 29, 2015",314
302,"October 30, 2015",326
303,"October 31, 2015",312
304,"November 1, 2015",325
305,"November 2, 2015",351
306,"November 3, 2015",398
307,"November 4, 2015",404
308,"November 5, 2015",387
309,"November 6, 2015",373
310,"November 7, 2015",387
311,"November 8, 2015",372
312,"November 9, 2015",381
313,"November 10, 2015",337
314,"November 11, 2015",306
315,"November 12, 2015",338
316,"November 13, 2015",337
317,"November 14, 2015",332
318,"November 15, 2015",320
319,"November 16, 2015",331
320,"November 17, 2015",335
321,"November 18, 2015",335
322,"November 19, 2015",326
323,"November 20, 2015",321
324,"November 21, 2015",325
325,"November 22, 2015",323
326,"November 23, 2015",323
327,"November 24, 2015",320
328,"November 25, 2015",328
329,"November 26, 2015",356
330,"November 27, 2015",359
331,"November 28, 2015",356
332,"November 29, 2015",371
333,"November 30, 2015",378
334,"December 1, 2015",363
335,"December 2, 2015",359
336,"December 3, 2015",361
337,"December 4, 2015",363
338,"December 5, 2015",391
339,"December 6, 2015",394
340,"December 7, 2015",394
341,"December 8, 2015",413
342,"December 9, 2015",417
343,"December 10, 2015",417
344,"December 11, 2015",452
345,"December 12, 2015",435
346,"December 13, 2015",436
347,"December 14, 2015",443
348,"December 15, 2015",465
349,"December 16, 2015",454
350,"December 17, 2015",456
351,"December 18, 2015",464
352,"December 19, 2015",462
353,"December 20, 2015",441
354,"December 21, 2015",438
355,"December 22, 2015",436
356,"December 23, 2015",443
357,"December 24, 2015",455
358,"December 25, 2015",456
359,"December 26, 2015",417
360,"December 27, 2015",424
361,"December 28, 2015",421
362,"December 29, 2015",432
363,"December 30, 2015",427
364,"December 31, 2015",431
365,"January 1, 2016",434
366,"January 2, 2016",434
367,"January 3, 2016",430
368,"January 4, 2016",434
369,"January 5, 2016",432
370,"January 6, 2016",431
371,"January 7, 2016",456
372,"January 8, 2016",455
373,"January 9, 2016",449
374,"January 10, 2016",447
375,"January 11, 2016",448
376,"January 12, 2016",446
377,"January 13, 2016",432
378,"January 14, 2016",429
379,"January 15, 2016",366
380,"January 16, 2016",385
381,"January 17, 2016",386
382,"January 18, 2016",385
383,"January 19, 2016",379
384,"January 20, 2016",419
385,"January 21, 2016",408
386,"January 22, 2016",377
387,"January 23, 2016",390
388,"January 24, 2016",403
389,"January 25, 2016",392
390,"January 26, 2016",392
391,"January 27, 2016",394
392,"January 28, 2016",380
393,"January 29, 2016",379
394,"January 30, 2016",377
395,"January 31, 2016",364
396,"February 1, 2016",371
397,"February 2, 2016",373
398,"February 3, 2016",368
399,"February 4, 2016",388
400,"February 5, 2016",386
401,"February 6, 2016",375
402,"February 7, 2016",376
403,"February 8, 2016",371
404,"February 9, 2016",374
405,"February 10, 2016",380
406,"February 11, 2016",377
407,"February 12, 2016",383
408,"February 13, 2016",390
409,"February 14, 2016",404
410,"February 15, 2016",399
411,"February 16, 2016",407
412,"February 17, 2016",417
413,"February 18, 2016",421
414,"February 19, 2016",419
415,"February 20, 2016",441
416,"February 21, 2016",439
417,"February 22, 2016",438
418,"February 23, 2016",420
419,"February 24, 2016",423
420,"February 25, 2016",423
421,"February 26, 2016",427
422,"February 27, 2016",432
423,"February 28, 2016",433
424,"February 29, 2016",437
425,"March 1, 2016",431
426,"March 2, 2016",424
427,"March 3, 2016",420
428,"March 4, 2016",409
429,"March 5, 2016",397
430,"March 6, 2016",405
431,"March 7, 2016",414
432,"March 8, 2016",412
433,"March 9, 2016",412
434,"March 10, 2016",416
435,"March 11, 2016",419
436,"March 12, 2016",411
437,"March 13, 2016",412
438,"March 14, 2016",415
439,"March 15, 2016",416
440,"March 16, 2016",417
441,"March 17, 2016",418
442,"March 18, 2016",408
443,"March 19, 2016",407
444,"March 20, 2016",412
445,"March 21, 2016",411
446,"March 22, 2016",416
447,"March 23, 2016",418
448,"March 24, 2016",415
449,"March 25, 2016",416
450,"March 26, 2016",417
451,"March 27, 2016",425
452,"March 28, 2016",423
453,"March 29, 2016",416
454,"March 30, 2016",413
455,"March 31, 2016",415
456,"April 1, 2016",417
457,"April 2, 2016",420
458,"April 3, 2016",418
459,"April 4, 2016",419
460,"April 5, 2016",423
461,"April 6, 2016",422
462,"April 7, 2016",421
463,"April 8, 2016",418
464,"April 9, 2016",416
465,"April 10, 2016",421
466,"April 11, 2016",423
467,"April 12, 2016",426
468,"April 13, 2016",424
469,"April 14, 2016",425
470,"April 15, 2016",430
471,"April 16, 2016",431
472,"April 17, 2016",428
473,"April 18, 2016",429
474,"April 19, 2016",436
475,"April 20, 2016",442
476,"April 21, 2016",451
477,"April 22, 2016",447
478,"April 23, 2016",452
479,"April 24, 2016",460
480,"April 25, 2016",460
481,"April 26, 2016",468
482,"April 27, 2016",445
483,"April 28, 2016",449
484,"April 29, 2016",457
485,"April 30, 2016",448
486,"may 1, 2016",453
487,"may 2, 2016",444
488,"may 3, 2016",45
489,"may 4, 2016",447
490,"may 5, 2016",449
491,"may 6, 2016",462
492,"may 7, 2016",459
493,"may 8, 2016",459
494,"may 9, 2016",462
495,"may 10, 2016",450
496,"may 11, 2016",452
497,"may 12, 2016",455
498,"may 13, 2016",456
499,"may 14, 2016",456
500,"may 15, 2016",458
501,"may 16, 2016",455
502,"may 17, 2016",452
503,"may 18, 2016",453
504,"may 19, 2016",441
505,"may 20, 2016",442
506,"may 21, 2016",443
507,"may 22, 2016",439
508,"may 23, 2016",443
509,"may 24, 2016",446
510,"may 25, 2016",449
511,"may 26, 2016",454
512,"may 27, 2016",474
513,"may 28, 2016",529
514,"may 29, 2016",525
515,"may 30, 2016",534
516,"may 31, 2016",531
517,"June 1, 2016",539
518,"June 2, 2016",539
519,"June 3, 2016",570
520,"June 4, 2016",574
521,"June 5, 2016",574
522,"June 6, 2016",586
523,"June 7, 2016",578
524,"June 8, 2016",583
525,"June 9, 2016",578
526,"June 10, 2016",579
527,"June 11, 2016",598
528,"June 12, 2016",672
529,"June 13, 2016",704
530,"June 14, 2016",686
531,"June 15, 2016",693
532,"June 16, 2016",765
533,"June 17, 2016",749
534,"June 18, 2016",757
535,"June 19, 2016",764
536,"June 20, 2016",734
537,"June 21, 2016",665
538,"June 22, 2016",592
539,"June 23, 2016",623
540,"June 24, 2016",661
541,"June 25, 2016",666
542,"June 26, 2016",629
543,"June 27, 2016",648
544,"June 28, 2016",647
545,"June 29, 2016",637
546,"June 30, 2016",672
547,"July 1, 2016",678
548,"July 2, 2016",693
549,"July 3, 2016",665
550,"July 4, 2016",679
551,"July 5, 2016",668
552,"July 6, 2016",676
553,"July 7, 2016",639
554,"July 8, 2016",666
555,"July 9, 2016",654
556,"July 10, 2016",650
557,"July 11, 2016",649
558,"July 12, 2016",671
559,"July 13, 2016",658
560,"July 14, 2016",660
561,"July 15, 2016",666
562,"July 16, 2016",664
563,"July 17, 2016",678
564,"July 18, 2016",675
565,"July 19, 2016",675
566,"July 20, 2016",671
567,"July 21, 2016",665
568,"July 22, 2016",651
569,"July 23, 2016",655
570,"July 24, 2016",661
571,"July 25, 2016",655
572,"July 26, 2016",651
573,"July 27, 2016",656
574,"July 28, 2016",656
575,"July 29, 2016",657
576,"July 30, 2016",655
577,"July 31, 2016",624
578,"August 1, 2016",606
579,"August 2, 2016",517
580,"August 3, 2016",567
581,"August 4, 2016",577
582,"August 5, 2016",576
583,"August 6, 2016",588
584,"August 7, 2016",593
585,"August 8, 2016",591
586,"August 9, 2016",585
587,"August 10, 2016",592
588,"August 11, 2016",588
589,"August 12, 2016",587
590,"August 13, 2016",584
591,"August 14, 2016",571
592,"August 15, 2016",568
593,"August 16, 2016",578
594,"August 17, 2016",571
595,"August 18, 2016",572
596,"August 19, 2016",573
597,"August 20, 2016",582
598,"August 21, 2016",581
599,"August 22, 2016",585
600,"August 23, 2016",582
601,"August 24, 2016",578
602,"August 25, 2016",576
603,"August 26, 2016",578
604,"August 27, 2016",569
605,"August 28, 2016",574
606,"August 29, 2016",573
607,"August 30, 2016",576
608,"August 31, 2016",572
609,"September 1, 2016",572
610,"September 2, 2016",574
611,"September 3, 2016",596
612,"September 4, 2016",609
613,"September 5, 2016",607
614,"September 6, 2016",611
615,"September 7, 2016",614
616,"September 8, 2016",625
617,"September 9, 2016",622
618,"September 10, 2016",623
619,"September 11, 2016",605
620,"September 12, 2016",606
621,"September 13, 2016",607
622,"September 14, 2016",608
623,"September 15, 2016",606
624,"September 16, 2016",607
625,"September 17, 2016",605
626,"September 18, 2016",609
627,"September 19, 2016",609
628,"September 20, 2016",608
629,"September 21, 2016",596
630,"September 22, 2016",595
631,"September 23, 2016",602
632,"September 24, 2016",601
633,"September 25, 2016",599
634,"September 26, 2016",606
635,"September 27, 2016",604
636,"September 28, 2016",604
637,"September 29, 2016",605
638,"September 30, 2016",608
639,"October 1, 2016",614
640,"October 2, 2016",610
641,"October 3, 2016",612
642,"October 4, 2016",609
643,"October 5, 2016",612
644,"October 6, 2016",611
645,"October 7, 2016",616
646,"October 8, 2016",617
647,"October 9, 2016",615
648,"October 10, 2016",614
649,"October 11, 2016",64
650,"October 12, 2016",636
651,"October 13, 2016",635
652,"October 14, 2016",638
653,"October 15, 2016",637
654,"October 16, 2016",640
655,"October 17, 2016",637
656,"October 18, 2016",635
657,"October 19, 2016",628
658,"October 20, 2016",629
659,"October 21, 2016",630
660,"October 22, 2016",652
661,"October 23, 2016",650
662,"October 24, 2016",649
663,"October 25, 2016",653
664,"October 26, 2016",673
665,"October 27, 2016",683
666,"October 28, 2016",688
667,"October 29, 2016",715
668,"October 30, 2016",697
669,"October 31, 2016",699
670,"November 1, 2016",729
671,"November 2, 2016",734
672,"November 3, 2016",686
673,"November 4, 2016",702
674,"November 5, 2016",704
675,"November 6, 2016",712
676,"November 7, 2016",706
677,"November 8, 2016",709
678,"November 9, 2016",721
679,"November 10, 2016",713
680,"November 11, 2016",716
681,"November 12, 2016",704
682,"November 13, 2016",702
683,"November 14, 2016",706
684,"November 15, 2016",712
685,"November 16, 2016",741
686,"November 17, 2016",738
687,"November 18, 2016",748
688,"November 19, 2016",750
689,"November 20, 2016",728
690,"November 21, 2016",737
691,"November 22, 2016",748
692,"November 23, 2016",741
693,"November 24, 2016",737
694,"November 25, 2016",738
695,"November 26, 2016",733
696,"November 27, 2016",728
697,"November 28, 2016",732
698,"November 29, 2016",732
699,"November 30, 2016",742
700,"December 1, 2016",753
701,"December 2, 2016",771
702,"December 3, 2016",765
703,"December 4, 2016",766
704,"December 5, 2016",752
705,"December 6, 2016",759
706,"December 7, 2016",764
707,"December 8, 2016",769
708,"December 9, 2016",770
709,"December 10, 2016",773
710,"December 11, 2016",768
711,"December 12, 2016",778
712,"December 13, 2016",778
713,"December 14, 2016",776
714,"December 15, 2016",776
715,"December 16, 2016",781
716,"December 17, 2016",789
717,"December 18, 2016",788
718,"December 19, 2016",790
719,"December 20, 2016",800
720,"December 21, 2016",827
721,"December 22, 2016",859
722,"December 23, 2016",917
723,"December 24, 2016",892
724,"December 25, 2016",894
725,"December 26, 2016",903
726,"December 27, 2016",929
727,"December 28, 2016",977
728,"December 29, 2016",972
729,"December 30, 2016",961
730,"December 31, 2016",967
731,"January 1, 2017",998
732,"January 2, 2017",1019
733,"January 3, 2017",1036
734,"January 4, 2017",1131
735,"January 5, 2017",991
736,"January 6, 2017",894
737,"January 7, 2017",900
738,"January 8, 2017",908
739,"January 9, 2017",902
740,"January 10, 2017",906
741,"January 11, 2017",784
742,"January 12, 2017",799
743,"January 13, 2017",824
744,"January 14, 2017",818
745,"January 15, 2017",822
746,"January 16, 2017",828
747,"January 17, 2017",904
748,"January 18, 2017",874
749,"January 19, 2017",897
750,"January 20, 2017",891
751,"January 21, 2017",920
752,"January 22, 2017",919
753,"January 23, 2017",919
754,"January 24, 2017",886
755,"January 25, 2017",893
756,"January 26, 2017",915
757,"January 27, 2017",918
758,"January 28, 2017",920
759,"January 29, 2017",914
760,"January 30, 2017",921
761,"January 31, 2017",968
762,"February 1, 2017",987
763,"February 2, 2017",1008
764,"February 3, 2017",1015
765,"February 4, 2017",1034
766,"February 5, 2017",1017
767,"February 6, 2017",1025
768,"February 7, 2017",1052
769,"February 8, 2017",1055
770,"February 9, 2017",982
771,"February 10, 2017",992
772,"February 11, 2017",1011
773,"February 12, 2017",1001
774,"February 13, 2017",996
775,"February 14, 2017",1010
776,"February 15, 2017",1009
777,"February 16, 2017",1035
778,"February 17, 2017",1057
779,"February 18, 2017",1059
780,"February 19, 2017",1054
781,"February 20, 2017",1082
782,"February 21, 2017",1125
783,"February 22, 2017",1123
784,"February 23, 2017",1186
785,"February 24, 2017",1181
786,"February 25, 2017",1149
787,"February 26, 2017",1181
788,"February 27, 2017",1193
789,"February 28, 2017",1190
790,"March 1, 2017",1227
791,"March 2, 2017",1262
792,"March 3, 2017",1290
793,"March 4, 2017",1269
794,"March 5, 2017",1276
795,"March 6, 2017",1281
796,"March 7, 2017",1233
797,"March 8, 2017",1150
798,"March 9, 2017",1191
799,"March 10, 2017",1100
800,"March 11, 2017",1181
801,"March 12, 2017",1231
802,"March 13, 2017",1243
803,"March 14, 2017",1247
804,"March 15, 2017",1258
805,"March 16, 2017",1217
806,"March 17, 2017",1074
807,"March 18, 2017",962
808,"March 19, 2017",1023
809,"March 20, 2017",1036
810,"March 21, 2017",1113
811,"March 22, 2017",1040
812,"March 23, 2017",1029
813,"March 24, 2017",940
814,"March 25, 2017",965
815,"March 26, 2017",954
816,"March 27, 2017",1043
817,"March 28, 2017",1045
818,"March 29, 2017",1039
819,"March 30, 2017",1031
820,"March 31, 2017",1078
821,"April 1, 2017",1085
822,"April 2, 2017",1098
823,"April 3, 2017",1139
824,"April 4, 2017",1140
825,"April 5, 2017",1132
826,"April 6, 2017",1194
827,"April 7, 2017",1190
828,"April 8, 2017",1182
829,"April 9, 2017",1188
830,"April 10, 2017",1211
831,"April 11, 2017",1227
832,"April 12, 2017",1218
833,"April 13, 2017",1174
834,"April 14, 2017",1184
835,"April 15, 2017",1180
836,"April 16, 2017",1186
837,"April 17, 2017",1205
838,"April 18, 2017",1218
839,"April 19, 2017",1226
840,"April 20, 2017",1254
841,"April 21, 2017",1255
842,"April 22, 2017",1250
843,"April 23, 2017",1248
844,"April 24, 2017",1250
845,"April 25, 2017",1263
846,"April 26, 2017",1287
847,"April 27, 2017",1331
848,"April 28, 2017",1321
849,"April 29, 2017",1328
850,"April 30, 2017",1350
851,"may 1, 2017",1408
852,"may 2, 2017",1442
853,"may 3, 2017",1486
854,"may 4, 2017",1499
855,"may 5, 2017",1506
856,"may 6, 2017",1548
857,"may 7, 2017",1558
858,"may 8, 2017",1633
859,"may 9, 2017",1700
860,"may 10, 2017",1747
861,"may 11, 2017",1809
862,"may 12, 2017",1701
863,"may 13, 2017",1752
864,"may 14, 2017",1768
865,"may 15, 2017",1696
866,"may 16, 2017",1716
867,"may 17, 2017",1804
868,"may 18, 2017",1889
869,"may 19, 2017",1973
870,"may 20, 2017",2043
871,"may 21, 2017",2054
872,"may 22, 2017",2109
873,"may 23, 2017",2293
874,"may 24, 2017",2448
875,"may 25, 2017",2367
876,"may 26, 2017",2262
877,"may 27, 2017",2083
878,"may 28, 2017",2219
879,"may 29, 2017",2286
880,"may 30, 2017",2168
881,"may 31, 2017",2329
882,"June 1, 2017",2436
883,"June 2, 2017",2514
884,"June 3, 2017",2563
885,"June 4, 2017",2556
886,"June 5, 2017",2722
887,"June 6, 2017",2903
888,"June 7, 2017",2716
889,"June 8, 2017",2824
890,"June 9, 2017",2817
891,"June 10, 2017",2937
892,"June 11, 2017",3014
893,"June 12, 2017",2701
894,"June 13, 2017",2736
895,"June 14, 2017",2503
896,"June 15, 2017",2444
897,"June 16, 2017",2514
898,"June 17, 2017",2684
899,"June 18, 2017",2577
900,"June 19, 2017",2620
901,"June 20, 2017",2778
902,"June 21, 2017",2717
903,"June 22, 2017",2725
904,"June 23, 2017",2738
905,"June 24, 2017",2618
906,"June 25, 2017",2607
907,"June 26, 2017",2488
908,"June 27, 2017",2531
909,"June 28, 2017",2575
910,"June 29, 2017",2562
911,"June 30, 2017",2491
912,"July 1, 2017",2440
913,"July 2, 2017",2519
914,"July 3, 2017",2577
915,"July 4, 2017",2611
916,"July 5, 2017",2607
917,"July 6, 2017",2613
918,"July 7, 2017",2509
919,"July 8, 2017",2563
920,"July 9, 2017",2519
921,"July 10, 2017",2364
922,"July 11, 2017",2354
923,"July 12, 2017",2387
924,"July 13, 2017",2364
925,"July 14, 2017",2229
926,"July 15, 2017",2033
927,"July 16, 2017",1927
928,"July 17, 2017",2181
929,"July 18, 2017",2304
930,"July 19, 2017",2275
931,"July 20, 2017",2767
932,"July 21, 2017",2658
933,"July 22, 2017",2802
934,"July 23, 2017",2732
935,"July 24, 2017",2751
936,"July 25, 2017",2564
937,"July 26, 2017",2507
938,"July 27, 2017",2649
939,"July 28, 2017",2799
940,"July 29, 2017",2720
941,"July 30, 2017",2740
942,"July 31, 2017",2871
943,"August 1, 2017",2738
944,"August 2, 2017",2698
945,"August 3, 2017",2777
946,"August 4, 2017",2846
947,"August 5, 2017",3237
948,"August 6, 2017",3190
949,"August 7, 2017",3357
950,"August 8, 2017",3410
951,"August 9, 2017",3331
952,"August 10, 2017",3368
953,"August 11, 2017",3563
954,"August 12, 2017",3800
955,"August 13, 2017",4023
956,"August 14, 2017",4176
957,"August 15, 2017",4149
958,"August 16, 2017",4263
959,"August 17, 2017",4287
960,"August 18, 2017",4098
961,"August 19, 2017",4115
962,"August 20, 2017",4001
963,"August 21, 2017",3935
964,"August 22, 2017",4008
965,"August 23, 2017",4069
966,"August 24, 2017",4167
967,"August 25, 2017",4200
968,"August 26, 2017",4124
969,"August 27, 2017",4116
970,"August 28, 2017",4216
971,"August 29, 2017",4394
972,"August 30, 2017",4554
973,"August 31, 2017",4703
974,"September 1, 2017",4863
975,"September 2, 2017",4557
976,"September 3, 2017",4632
977,"September 4, 2017",4317
978,"September 5, 2017",4448
979,"September 6, 2017",4592
980,"September 7, 2017",4585
981,"September 8, 2017",4285
982,"September 9, 2017",4246
983,"September 10, 2017",4133
984,"September 11, 2017",4165
985,"September 12, 2017",4131
986,"September 13, 2017",3884
987,"September 14, 2017",3101
988,"September 15, 2017",3588
989,"September 16, 2017",3606
990,"September 17, 2017",3553
991,"September 18, 2017",4012
992,"September 19, 2017",3899
993,"September 20, 2017",3858
994,"September 21, 2017",3628
995,"September 22, 2017",3622
996,"September 23, 2017",3763
997,"September 24, 2017",3672
998,"September 25, 2017",3867
999,"September 26, 2017",3853
1000,"September 27, 2017",4134
1001,"September 28, 2017",4135
1002,"September 29, 2017",4130
1003,"September 30, 2017",4298
1004,"October 1, 2017",4348
1005,"October 2, 2017",4383
1006,"October 3, 2017",4319
1007,"October 4, 2017",4231
1008,"October 5, 2017",4290
1009,"October 6, 2017",4348
1010,"October 7, 2017",4405
1011,"October 8, 2017",4562
1012,"October 9, 2017",4759
1013,"October 10, 2017",4769
1014,"October 11, 2017",4808
1015,"October 12, 2017",5332
1016,"October 13, 2017",5610
1017,"October 14, 2017",5679
1018,"October 15, 2017",5684
1019,"October 16, 2017",5729
1020,"October 17, 2017",5644
1021,"October 18, 2017",5593
1022,"October 19, 2017",5696
1023,"October 20, 2017",5953
1024,"October 21, 2017",6044
1025,"October 22, 2017",6003
1026,"October 23, 2017",5960
1027,"October 24, 2017",5550
1028,"October 25, 2017",5705
1029,"October 26, 2017",5883
1030,"October 27, 2017",5776
1031,"October 28, 2017",5734
1032,"October 29, 2017",6124
1033,"October 30, 2017",6104
1034,"October 31, 2017",6369
1035,"November 1, 2017",6715
1036,"November 2, 2017",7060
1037,"November 3, 2017",7235
1038,"November 4, 2017",7391
1039,"November 5, 2017",7416
1040,"November 6, 2017",7103
1041,"November 7, 2017",7167
1042,"November 8, 2017",7462
1043,"November 9, 2017",7186
1044,"November 10, 2017",6657
1045,"November 11, 2017",6365
1046,"November 12, 2017",5867
1047,"November 13, 2017",6423
1048,"November 14, 2017",6652
1049,"November 15, 2017",7298
1050,"November 16, 2017",7815
1051,"November 17, 2017",7784
1052,"November 18, 2017",7828
1053,"November 19, 2017",8011
1054,"November 20, 2017",8221
1055,"November 21, 2017",8114
1056,"November 22, 2017",8257
1057,"November 23, 2017",8118
1058,"November 24, 2017",8278
1059,"November 25, 2017",8743
1060,"November 26, 2017",9343
1061,"November 27, 2017",9831
1062,"November 28, 2017",10257
1063,"November 29, 2017",9876
1064,"November 30, 2017",10406
1065,"December 1, 2017",10996
1066,"December 2, 2017",11163
1067,"December 3, 2017",11257
1068,"December 4, 2017",11635
1069,"December 5, 2017",12174
1070,"December 6, 2017",13876
1071,"December 7, 2017",18491
1072,"December 8, 2017",16908
1073,"December 9, 2017",15266
1074,"December 10, 2017",15809
1075,"December 11, 2017",17107
1076,"December 12, 2017",17250
1077,"December 13, 2017",16525
1078,"December 14, 2017",16865
1079,"December 15, 2017",17979
1080,"December 16, 2017",19665
1081,"December 17, 2017",19424
1082,"December 18, 2017",19188
1083,"December 19, 2017",18174
1084,"December 20, 2017",17060
1085,"December 21, 2017",16355
1086,"December 22, 2017",14085
1087,"December 23, 2017",15242
1088,"December 24, 2017",14451
1089,"December 25, 2017",14303
1090,"December 26, 2017",16617
1091,"December 27, 2017",16373
1092,"December 28, 2017",15068
1093,"December 29, 2017",15097
1094,"December 30, 2017",13620
1095,"December 31, 2017",14840
1096,"January 1, 2018",14094
1097,"January 2, 2018",15322
1098,"January 3, 2018",15584
1099,"January 4, 2018",15976
1100,"January 5, 2018",18337
1101,"January 6, 2018",18344
1102,"January 7, 2018",17040
1103,"January 8, 2018",15900
1104,"January 9, 2018",15605
1105,"January 10, 2018",15509
1106,"January 11, 2018",14051
1107,"January 12, 2018",14759
1108,"January 13, 2018",15193
1109,"January 14, 2018",14477
1110,"January 15, 2018",14412
1111,"January 16, 2018",11724
1112,"January 17, 2018",11415
1113,"January 18, 2018",11569
1114,"January 19, 2018",11758
1115,"January 20, 2018",13260
1116,"January 21, 2018",11704
1117,"January 22, 2018",10992
1118,"January 23, 2018",10894
1119,"January 24, 2018",11277
1120,"January 25, 2018",11225
1121,"January 26, 2018",11045
1122,"January 27, 2018",11456
1123,"January 28, 2018",11666
1124,"January 29, 2018",11158
1125,"January 30, 2018",11095
1126,"January 31, 2018",9990
1127,"February 1, 2018",10114
1128,"February 2, 2018",9071
1129,"February 3, 2018",8830
1130,"February 4, 2018",8995
1131,"February 5, 2018",8316
1132,"February 6, 2018",6852
1133,"February 7, 2018",7711
1134,"February 8, 2018",7612
1135,"February 9, 2018",8209
1136,"February 10, 2018",8651
1137,"February 11, 2018",8575
1138,"February 12, 2018",8169
1139,"February 13, 2018",8911
1140,"February 14, 2018",8518
1141,"February 15, 2018",9428
1142,"February 16, 2018",10113
1143,"February 17, 2018",10155
1144,"February 18, 2018",11007
1145,"February 19, 2018",10523
1146,"February 20, 2018",11103
1147,"February 21, 2018",11502
1148,"February 22, 2018",9974
1149,"February 23, 2018",10033
1150,"February 24, 2018",10302
1151,"February 25, 2018",9743
1152,"February 26, 2018",9700
1153,"February 27, 2018",10356
1154,"February 28, 2018",10709
1155,"March 1, 2018",10347
1156,"March 2, 2018",10860
1157,"March 3, 2018",11098
1158,"March 4, 2018",11356
1159,"March 5, 2018",11287
1160,"March 6, 2018",11526
1161,"March 7, 2018",10728
1162,"March 8, 2018",10000
1163,"March 9, 2018",9421
1164,"March 10, 2018",9276
1165,"March 11, 2018",8891
1166,"March 12, 2018",9512
1167,"March 13, 2018",9233
1168,"March 14, 2018",9217
1169,"March 15, 2018",8307
1170,"March 16, 2018",8359
1171,"March 17, 2018",8520
1172,"March 18, 2018",8063
1173,"March 19, 2018",8218
1174,"March 20, 2018",8641
1175,"March 21, 2018",8927
1176,"March 22, 2018",8970
1177,"March 23, 2018",8736
1178,"March 24, 2018",8825
1179,"March 25, 2018",8621
1180,"March 26, 2018",8479
1181,"March 27, 2018",8186
1182,"March 28, 2018",7837
1183,"March 29, 2018",7931
1184,"March 30, 2018",7127
1185,"March 31, 2018",6897
1186,"April 1, 2018",6975
1187,"April 2, 2018",6837
1188,"April 3, 2018",7080
1189,"April 4, 2018",7464
1190,"April 5, 2018",6845
1191,"April 6, 2018",6855
1192,"April 7, 2018",6629
1193,"April 8, 2018",6884
1194,"April 9, 2018",6985
1195,"April 10, 2018",6778
1196,"April 11, 2018",6829
1197,"April 12, 2018",6925
1198,"April 13, 2018",7836
1199,"April 14, 2018",7846
1200,"April 15, 2018",7898
1201,"April 16, 2018",8258
1202,"April 17, 2018",8031
1203,"April 18, 2018",7874
1204,"April 19, 2018",8097
1205,"April 20, 2018",8277
1206,"April 21, 2018",8499
1207,"April 22, 2018",8878
1208,"April 23, 2018",8769
1209,"April 24, 2018",8881
1210,"April 25, 2018",9716
1211,"April 26, 2018",8825
1212,"April 27, 2018",9222
1213,"April 28, 2018",8940
1214,"April 29, 2018",9250
1215,"April 30, 2018",9326
1216,"may 1, 2018",9198
1217,"may 2, 2018",9024
1218,"may 3, 2018",9123
1219,"may 4, 2018",9551
1220,"may 5, 2018",9635
1221,"may 6, 2018",9766
1222,"may 7, 2018",9584
1223,"may 8, 2018",9308
1224,"may 9, 2018",9150
1225,"may 10, 2018",9249
1226,"may 11, 2018",8970
1227,"may 12, 2018",8406
1228,"may 13, 2018",8481
1229,"may 14, 2018",8684
1230,"may 15, 2018",8697
1231,"may 16, 2018",8473
1232,"may 17, 2018",8343
1233,"may 18, 2018",8056
1234,"may 19, 2018",8203
1235,"may 20, 2018",8181
1236,"may 21, 2018",8443
1237,"may 22, 2018",8355
1238,"may 23, 2018",8009
1239,"may 24, 2018",7556
1240,"may 25, 2018",7563
1241,"may 26, 2018",7472
1242,"may 27, 2018",7329
1243,"may 28, 2018",7327
1244,"may 29, 2018",7111
1245,"may 30, 2018",7451
1246,"may 31, 2018",7381
1247,"June 1, 2018",7460
1248,"June 2, 2018",7487
1249,"June 3, 2018",7568
1250,"June 4, 2018",7640
1251,"June 5, 2018",7464
1252,"June 6, 2018",7569
1253,"June 7, 2018",7606
1254,"June 8, 2018",7614
1255,"June 9, 2018",7561
1256,"June 10, 2018",7415
1257,"June 11, 2018",6767
1258,"June 12, 2018",6880
1259,"June 13, 2018",6582
1260,"June 14, 2018",6334
1261,"June 15, 2018",6645
1262,"June 16, 2018",6407
1263,"June 17, 2018",6479
1264,"June 18, 2018",6419
1265,"June 19, 2018",6678
1266,"June 20, 2018",6709
1267,"June 21, 2018",6714
1268,"June 22, 2018",6691
1269,"June 23, 2018",6089
1270,"June 24, 2018",6169
1271,"June 25, 2018",6160
1272,"June 26, 2018",6242
1273,"June 27, 2018",6070
1274,"June 28, 2018",6117
1275,"June 29, 2018",5880
1276,"June 30, 2018",6182
1277,"July 1, 2018",6366
1278,"July 2, 2018",6313
1279,"July 3, 2018",6596
1280,"July 4, 2018",6498
1281,"July 5, 2018",6563
1282,"July 6, 2018",6538
1283,"July 7, 2018",6603
1284,"July 8, 2018",6760
1285,"July 9, 2018",6701
1286,"July 10, 2018",6648
1287,"July 11, 2018",6303
1288,"July 12, 2018",6373
1289,"July 13, 2018",6231
1290,"July 14, 2018",6248
1291,"July 15, 2018",6246
1292,"July 16, 2018",6350
1293,"July 17, 2018",6742
1294,"July 18, 2018",7303
1295,"July 19, 2018",7335
1296,"July 20, 2018",7443
1297,"July 21, 2018",7332
1298,"July 22, 2018",7379
1299,"July 23, 2018",7396
1300,"July 24, 2018",7705
1301,"July 25, 2018",8422
1302,"July 26, 2018",8145
1303,"July 27, 2018",7929
1304,"July 28, 2018",8145
1305,"July 29, 2018",8192
1306,"July 30, 2018",8198
1307,"July 31, 2018",8186
1308,"August 1, 2018",7738
1309,"August 2, 2018",7612
1310,"August 3, 2018",7541
1311,"August 4, 2018",7412
1312,"August 5, 2018",7009
1313,"August 6, 2018",7037
1314,"August 7, 2018",6926
1315,"August 8, 2018",6712
1316,"August 9, 2018",6260
1317,"August 10, 2018",6531
1318,"August 11, 2018",6167
1319,"August 12, 2018",6205
1320,"August 13, 2018",6318
1321,"August 14, 2018",6284
1322,"August 15, 2018",6212
1323,"August 16, 2018",6268
1324,"August 17, 2018",6309
1325,"August 18, 2018",6567
1326,"August 19, 2018",6382
1327,"August 20, 2018",6475
1328,"August 21, 2018",6243
1329,"August 22, 2018",6467
1330,"August 23, 2018",6337
1331,"August 24, 2018",6521
1332,"August 25, 2018",6684
1333,"August 26, 2018",6736
1334,"August 27, 2018",6728
1335,"August 28, 2018",6911
1336,"August 29, 2018",7076
1337,"August 30, 2018",7047
1338,"August 31, 2018",7024
1339,"September 1, 2018",7028
1340,"September 2, 2018",7211
1341,"September 3, 2018",7305
1342,"September 4, 2018",7261
1343,"September 5, 2018",7359
1344,"September 6, 2018",6765
1345,"September 7, 2018",6498
1346,"September 8, 2018",6398
1347,"September 9, 2018",6181
1348,"September 10, 2018",6261
1349,"September 11, 2018",6308
1350,"September 12, 2018",6279
1351,"September 13, 2018",6331
1352,"September 14, 2018",6486
1353,"September 15, 2018",6500
1354,"September 16, 2018",6530
1355,"September 17, 2018",6506
1356,"September 18, 2018",6250
1357,"September 19, 2018",6347
1358,"September 20, 2018",6384
1359,"September 21, 2018",6492
1360,"September 22, 2018",6754
1361,"September 23, 2018",6747
1362,"September 24, 2018",6711
1363,"September 25, 2018",6596
1364,"September 26, 2018",6441
1365,"September 27, 2018",6463
1366,"September 28, 2018",6705
1367,"September 29, 2018",6635
1368,"September 30, 2018",6606
1369,"October 1, 2018",6626
1370,"October 2, 2018",6599
1371,"October 3, 2018",6525
1372,"October 4, 2018",6499
1373,"October 5, 2018",6579
1374,"October 6, 2018",6621
1375,"October 7, 2018",6589
1376,"October 8, 2018",6585
1377,"October 9, 2018",6653
1378,"October 10, 2018",6634
1379,"October 11, 2018",6582
1380,"October 12, 2018",6234
1381,"October 13, 2018",6286
1382,"October 14, 2018",6315
1383,"October 15, 2018",6329
1384,"October 16, 2018",6660
1385,"October 17, 2018",6635
1386,"October 18, 2018",6636
1387,"October 19, 2018",6518
1388,"October 20, 2018",6484
1389,"October 21, 2018",6533
1390,"October 22, 2018",6530
1391,"October 23, 2018",6513
1392,"October 24, 2018",6473
1393,"October 25, 2018",6481
1394,"October 26, 2018",6458
1395,"October 27, 2018",6469
1396,"October 28, 2018",6457
1397,"October 29, 2018",6481
1398,"October 30, 2018",6293
1399,"October 31, 2018",6332
1400,"November 1, 2018",6367
1401,"November 2, 2018",6380
1402,"November 3, 2018",6425
1403,"November 4, 2018",6388
1404,"November 5, 2018",6351
1405,"November 6, 2018",6415
1406,"November 7, 2018",6475
1407,"November 8, 2018",6575
1408,"November 9, 2018",6490
1409,"November 10, 2018",6414
1410,"November 11, 2018",6430
1411,"November 12, 2018",6434
1412,"November 13, 2018",6411
1413,"November 14, 2018",6394
1414,"November 15, 2018",5789
1415,"November 16, 2018",5687
1416,"November 17, 2018",5610
1417,"November 18, 2018",5599
1418,"November 19, 2018",5639
1419,"November 20, 2018",4889
1420,"November 21, 2018",4451
1421,"November 22, 2018",4613
1422,"November 23, 2018",4307
1423,"November 24, 2018",4377
1424,"November 25, 2018",3896
1425,"November 26, 2018",4040
1426,"November 27, 2018",3812
1427,"November 28, 2018",3833
1428,"November 29, 2018",4267
1429,"November 30, 2018",4279
1430,"December 1, 2018",4010
1431,"December 2, 2018",4190
1432,"December 3, 2018",4125
1433,"December 4, 2018",3879
1434,"December 5, 2018",3944
1435,"December 6, 2018",3752
1436,"December 7, 2018",3467
1437,"December 8, 2018",3409
1438,"December 9, 2018",3425
1439,"December 10, 2018",3551
1440,"December 11, 2018",3434
1441,"December 12, 2018",3379
1442,"December 13, 2018",3438
1443,"December 14, 2018",3295
1444,"December 15, 2018",3217
1445,"December 16, 2018",3222
1446,"December 17, 2018",3217
1447,"December 18, 2018",3506
1448,"December 19, 2018",3656
1449,"December 20, 2018",3688
1450,"December 21, 2018",4065
1451,"December 22, 2018",3846
1452,"December 23, 2018",3961
1453,"December 24, 2018",3942
1454,"December 25, 2018",4022
1455,"December 26, 2018",3759
1456,"December 27, 2018",3782
1457,"December 28, 2018",3588
1458,"December 29, 2018",3854
1459,"December 30, 2018",3778
1460,"December 31, 2018",3810
1461,"January 1, 2019",3693
1462,"January 2, 2019",3794
1463,"January 3, 2019",3872
1464,"January 4, 2019",3777
1465,"January 5, 2019",3815
1466,"January 6, 2019",3787
1467,"January 7, 2019",4014
1468,"January 8, 2019",3990
1469,"January 9, 2019",3974
1470,"January 10, 2019",3982
1471,"January 11, 2019",3624
1472,"January 12, 2019",3633
1473,"January 13, 2019",3598
1474,"January 14, 2019",3496
1475,"January 15, 2019",3648
1476,"January 16, 2019",3568
1477,"January 17, 2019",3598
1478,"January 18, 2019",3621
1479,"January 19, 2019",3598
1480,"January 20, 2019",3675
1481,"January 21, 2019",3539
1482,"January 22, 2019",3531
1483,"January 23, 2019",3571
1484,"January 24, 2019",3556
1485,"January 25, 2019",3566
1486,"January 26, 2019",3565
1487,"January 27, 2019",3564
1488,"January 28, 2019",3553
1489,"January 29, 2019",3432
1490,"January 30, 2019",3413
1491,"January 31, 2019",3458
1492,"February 1, 2019",3432
1493,"February 2, 2019",3464
1494,"February 3, 2019",3487
1495,"February 4, 2019",3454
1496,"February 5, 2019",3464
1497,"February 6, 2019",3470
1498,"February 7, 2019",3406
1499,"February 8, 2019",3394
1500,"February 9, 2019",3664
1501,"February 10, 2019",3667
1502,"February 11, 2019",3676
1503,"February 12, 2019",3631
1504,"February 13, 2019",3634
1505,"February 14, 2019",3610
1506,"February 15, 2019",3590
1507,"February 16, 2019",3601
1508,"February 17, 2019",3623
1509,"February 18, 2019",3665
1510,"February 19, 2019",3887
1511,"February 20, 2019",3915
1512,"February 21, 2019",3977
1513,"February 22, 2019",3935
1514,"February 23, 2019",3974
1515,"February 24, 2019",4115
1516,"February 25, 2019",3743
1517,"February 26, 2019",3825
1518,"February 27, 2019",3809
1519,"February 28, 2019",3813
1520,"March 1, 2019",3816
1521,"March 2, 2019",3816
1522,"March 3, 2019",3820
1523,"March 4, 2019",3807
1524,"March 5, 2019",3713
1525,"March 6, 2019",3852
1526,"March 7, 2019",3861
1527,"March 8, 2019",3872
1528,"March 9, 2019",3862
1529,"March 10, 2019",3942
1530,"March 11, 2019",3924
1531,"March 12, 2019",3860
1532,"March 13, 2019",3876
1533,"March 14, 2019",3866
1534,"March 15, 2019",3877
1535,"March 16, 2019",3925
1536,"March 17, 2019",4008
1537,"March 18, 2019",3981
1538,"March 19, 2019",3987
1539,"March 20, 2019",4014
1540,"March 21, 2019",4046
1541,"March 22, 2019",3983
1542,"March 23, 2019",3989
1543,"March 24, 2019",4009
1544,"March 25, 2019",3993
1545,"March 26, 2019",3928
1546,"March 27, 2019",3939
1547,"March 28, 2019",4036
1548,"March 29, 2019",4028
1549,"March 30, 2019",4103
1550,"March 31, 2019",4104
1551,"April 1, 2019",4104
1552,"April 2, 2019",4146
1553,"April 3, 2019",4862
1554,"April 4, 2019",4956
1555,"April 5, 2019",4899
1556,"April 6, 2019",5015
1557,"April 7, 2019",5042
1558,"April 8, 2019",5177
1559,"April 9, 2019",5267
1560,"April 10, 2019",5172
1561,"April 11, 2019",5309
1562,"April 12, 2019",5048
1563,"April 13, 2019",5082
1564,"April 14, 2019",5073
1565,"April 15, 2019",5149
1566,"April 16, 2019",5040
1567,"April 17, 2019",5214
1568,"April 18, 2019",5219
1569,"April 19, 2019",5275
1570,"April 20, 2019",5280
1571,"April 21, 2019",5308
1572,"April 22, 2019",5311
1573,"April 23, 2019",5381
1574,"April 24, 2019",5558
1575,"April 25, 2019",5452
1576,"April 26, 2019",5203
1577,"April 27, 2019",5296
1578,"April 28, 2019",5257
1579,"April 29, 2019",5258
1580,"April 30, 2019",5200
1581,"may 1, 2019",5293
1582,"may 2, 2019",5355
1583,"may 3, 2019",5451
1584,"may 4, 2019",5731
1585,"may 5, 2019",5804
1586,"may 6, 2019",5749
1587,"may 7, 2019",5716
1588,"may 8, 2019",5841
1589,"may 9, 2019",5958
1590,"may 10, 2019",6168
1591,"may 11, 2019",6370
1592,"may 12, 2019",7258
1593,"may 13, 2019",6954
1594,"may 14, 2019",7806
1595,"may 15, 2019",7990
1596,"may 16, 2019",8192
1597,"may 17, 2019",7876
1598,"may 18, 2019",7343
1599,"may 19, 2019",7301
1600,"may 20, 2019",8169
1601,"may 21, 2019",7977
1602,"may 22, 2019",7958
1603,"may 23, 2019",7666
1604,"may 24, 2019",7862
1605,"may 25, 2019",7977
1606,"may 26, 2019",8038
1607,"may 27, 2019",8631
1608,"may 28, 2019",8816
1609,"may 29, 2019",8727
1610,"may 30, 2019",8651
1611,"may 31, 2019",8311
1612,"June 1, 2019",8576
1613,"June 2, 2019",8554
1614,"June 3, 2019",8744
1615,"June 4, 2019",8174
1616,"June 5, 2019",7684
1617,"June 6, 2019",7812
1618,"June 7, 2019",7821
1619,"June 8, 2019",8036
1620,"June 9, 2019",7943
1621,"June 10, 2019",7668
1622,"June 11, 2019",8003
1623,"June 12, 2019",7898
1624,"June 13, 2019",8145
1625,"June 14, 2019",8228
1626,"June 15, 2019",8672
1627,"June 16, 2019",8819
1628,"June 17, 2019",8979
1629,"June 18, 2019",9313
1630,"June 19, 2019",9094
1631,"June 20, 2019",9286
1632,"June 21, 2019",9548
1633,"June 22, 2019",10118
1634,"June 23, 2019",10705
1635,"June 24, 2019",10846
1636,"June 25, 2019",11046
1637,"June 26, 2019",11808
1638,"June 27, 2019",12996
1639,"June 28, 2019",11179
1640,"June 29, 2019",12352
1641,"June 30, 2019",11973
1642,"July 1, 2019",10888
1643,"July 2, 2019",10639
1644,"July 3, 2019",10823
1645,"July 4, 2019",11976
1646,"July 5, 2019",11230
1647,"July 6, 2019",10987
1648,"July 7, 2019",11279
1649,"July 8, 2019",11436
1650,"July 9, 2019",12260
1651,"July 10, 2019",12544
1652,"July 11, 2019",12166
1653,"July 12, 2019",11385
1654,"July 13, 2019",11805
1655,"July 14, 2019",11419
1656,"July 15, 2019",10285
1657,"July 16, 2019",10911
1658,"July 17, 2019",9539
1659,"July 18, 2019",9657
1660,"July 19, 2019",10636
1661,"July 20, 2019",10537
1662,"July 21, 2019",10774
1663,"July 22, 2019",10607
1664,"July 23, 2019",10343
1665,"July 24, 2019",9936
1666,"July 25, 2019",9799
1667,"July 26, 2019",9878
1668,"July 27, 2019",9846
1669,"July 28, 2019",9448
1670,"July 29, 2019",9535
1671,"July 30, 2019",9511
1672,"July 31, 2019",9568
1673,"August 1, 2019",10063
1674,"August 2, 2019",10361
1675,"August 3, 2019",10529
1676,"August 4, 2019",10791
1677,"August 5, 2019",10952
1678,"August 6, 2019",11819
1679,"August 7, 2019",11510
1680,"August 8, 2019",11971
1681,"August 9, 2019",12024
1682,"August 10, 2019",11853
1683,"August 11, 2019",11328
1684,"August 12, 2019",11550
1685,"August 13, 2019",11381
1686,"August 14, 2019",10904
1687,"August 15, 2019",10016
1688,"August 16, 2019",10296
1689,"August 17, 2019",10325
1690,"August 18, 2019",10224
1691,"August 19, 2019",10310
1692,"August 20, 2019",10896
1693,"August 21, 2019",10744
1694,"August 22, 2019",10124
1695,"August 23, 2019",10128
1696,"August 24, 2019",10386
1697,"August 25, 2019",10145
1698,"August 26, 2019",10090
1699,"August 27, 2019",10335
1700,"August 28, 2019",10168
1701,"August 29, 2019",9753
1702,"August 30, 2019",9485
1703,"August 31, 2019",9589
1704,"September 1, 2019",9607
1705,"September 2, 2019",9729
1706,"September 3, 2019",10323
1707,"September 4, 2019",10620
1708,"September 5, 2019",10574
1709,"September 6, 2019",10570
1710,"September 7, 2019",10351
1711,"September 8, 2019",10462
1712,"September 9, 2019",10404
1713,"September 10, 2019",10322
1714,"September 11, 2019",10121
1715,"September 12, 2019",10151
1716,"September 13, 2019",10401
1717,"September 14, 2019",10356
1718,"September 15, 2019",10350
1719,"September 16, 2019",10306
1720,"September 17, 2019",10268
1721,"September 18, 2019",10203
1722,"September 19, 2019",10159
1723,"September 20, 2019",10253
1724,"September 21, 2019",10178
1725,"September 22, 2019",9997
1726,"September 23, 2019",10041
1727,"September 24, 2019",9700
1728,"September 25, 2019",8703
1729,"September 26, 2019",8446
1730,"September 27, 2019",8099
1731,"September 28, 2019",8183
1732,"September 29, 2019",8225
1733,"September 30, 2019",8064
1734,"October 1, 2019",8271
1735,"October 2, 2019",8367
1736,"October 3, 2019",8350
1737,"October 4, 2019",8176
1738,"October 5, 2019",8157
1739,"October 6, 2019",8140
1740,"October 7, 2019",7890
1741,"October 8, 2019",8182
1742,"October 9, 2019",8181
1743,"October 10, 2019",8573
1744,"October 11, 2019",8562
1745,"October 12, 2019",8278
1746,"October 13, 2019",8308
1747,"October 14, 2019",8289
1748,"October 15, 2019",8347
1749,"October 16, 2019",8176
1750,"October 17, 2019",8010
1751,"October 18, 2019",8080
1752,"October 19, 2019",7957
1753,"October 20, 2019",7950
1754,"October 21, 2019",8208
1755,"October 22, 2019",8221
1756,"October 23, 2019",8045
1757,"October 24, 2019",7469
1758,"October 25, 2019",7434
1759,"October 26, 2019",8652
1760,"October 27, 2019",9217
1761,"October 28, 2019",9502
1762,"October 29, 2019",9240
1763,"October 30, 2019",9407
1764,"October 31, 2019",9172
1765,"November 1, 2019",9152
1766,"November 2, 2019",9233
1767,"November 3, 2019",9303
1768,"November 4, 2019",9204
1769,"November 5, 2019",9379
1770,"November 6, 2019",9300
1771,"November 7, 2019",9340
1772,"November 8, 2019",9221
1773,"November 9, 2019",8796
1774,"November 10, 2019",8810
1775,"November 11, 2019",9044
1776,"November 12, 2019",8730
1777,"November 13, 2019",8807
1778,"November 14, 2019",8771
1779,"November 15, 2019",8652
1780,"November 16, 2019",8480
1781,"November 17, 2019",8496
1782,"November 18, 2019",8508
1783,"November 19, 2019",8203
1784,"November 20, 2019",8139
1785,"November 21, 2019",8096
1786,"November 22, 2019",7632
1787,"November 23, 2019",7293
1788,"November 24, 2019",7310
1789,"November 25, 2019",6936
1790,"November 26, 2019",7118
1791,"November 27, 2019",7158
1792,"November 28, 2019",7484
1793,"November 29, 2019",7439
1794,"November 30, 2019",7721
1795,"December 1, 2019",7556
1796,"December 2, 2019",7406
1797,"December 3, 2019",7309
1798,"December 4, 2019",7286
1799,"December 5, 2019",7210
1800,"December 6, 2019",7374
1801,"December 7, 2019",7531
1802,"December 8, 2019",7494
1803,"December 9, 2019",7508
1804,"December 10, 2019",7347
1805,"December 11, 2019",7234
1806,"December 12, 2019",7197
1807,"December 13, 2019",7201
1808,"December 14, 2019",7247
1809,"December 15, 2019",7082
1810,"December 16, 2019",7109
1811,"December 17, 2019",6901
1812,"December 18, 2019",6627
1813,"December 19, 2019",7275
1814,"December 20, 2019",7153
1815,"December 21, 2019",7185
1816,"December 22, 2019",7142
1817,"December 23, 2019",7488
1818,"December 24, 2019",7335
1819,"December 25, 2019",7267
1820,"December 26, 2019",7204
1821,"December 27, 2019",7208
1822,"December 28, 2019",7248
1823,"December 29, 2019",7308
1824,"December 30, 2019",7394
1825,"December 31, 2019",7240
1826,"January 1, 2020",7195
1827,"January 2, 2020",7194
1828,"January 3, 2020",6964
1829,"January 4, 2020",7300
1830,"January 5, 2020",7351
1831,"January 6, 2020",7350
1832,"January 7, 2020",7735
1833,"January 8, 2020",8147
1834,"January 9, 2020",8046
1835,"January 10, 2020",7833
1836,"January 11, 2020",8181
1837,"January 12, 2020",8012
1838,"January 13, 2020",8171
1839,"January 14, 2020",8111
1840,"January 15, 2020",8802
1841,"January 16, 2020",8821
1842,"January 17, 2020",8721
1843,"January 18, 2020",8903
1844,"January 19, 2020",8907
1845,"January 20, 2020",8690
1846,"January 21, 2020",8631
1847,"January 22, 2020",8725
1848,"January 23, 2020",8665
1849,"January 24, 2020",8416
1850,"January 25, 2020",8432
1851,"January 26, 2020",8349
1852,"January 27, 2020",8596
1853,"January 28, 2020",8879
1854,"January 29, 2020",9321
1855,"January 30, 2020",9277
1856,"January 31, 2020",9510
1857,"February 1, 2020",9308
1858,"February 2, 2020",9363
1859,"February 3, 2020",9338
1860,"February 4, 2020",9309
1861,"February 5, 2020",9180
1862,"February 6, 2020",9592
1863,"February 7, 2020",9745
1864,"February 8, 2020",9799
1865,"February 9, 2020",9891
1866,"February 10, 2020",10148
1867,"February 11, 2020",9890
1868,"February 12, 2020",10227
1869,"February 13, 2020",10329
1870,"February 14, 2020",10221
1871,"February 15, 2020",10320
1872,"February 16, 2020",9894
1873,"February 17, 2020",9944
1874,"February 18, 2020",9724
1875,"February 19, 2020",10134
1876,"February 20, 2020",9618
1877,"February 21, 2020",9608
1878,"February 22, 2020",9673
1879,"February 23, 2020",9659
1880,"February 24, 2020",9947
1881,"February 25, 2020",9671
1882,"February 26, 2020",9345
1883,"February 27, 2020",8802
1884,"February 28, 2020",8781
1885,"February 29, 2020",8717
1886,"March 1, 2020",8553
1887,"March 2, 2020",8568
1888,"March 3, 2020",8906
1889,"March 4, 2020",8757
1890,"March 5, 2020",8759
1891,"March 6, 2020",9039
1892,"March 7, 2020",9136
1893,"March 8, 2020",8902
1894,"March 9, 2020",8041
1895,"March 10, 2020",7921
1896,"March 11, 2020",7907
1897,"March 12, 2020",7936
1898,"March 13, 2020",5143
1899,"March 14, 2020",5543
1900,"March 15, 2020",5214
1901,"March 16, 2020",5398
1902,"March 17, 2020",5033
1903,"March 18, 2020",5389
1904,"March 19, 2020",5376
1905,"March 20, 2020",6170
1906,"March 21, 2020",6196
1907,"March 22, 2020",6146
1908,"March 23, 2020",5860
1909,"March 24, 2020",6456
1910,"March 25, 2020",6730
1911,"March 26, 2020",6696
1912,"March 27, 2020",6766
1913,"March 28, 2020",6398
1914,"March 29, 2020",6255
1915,"March 30, 2020",5915
1916,"March 31, 2020",6403
1917,"April 1, 2020",6422
1918,"April 2, 2020",6641
1919,"April 3, 2020",6808
1920,"April 4, 2020",6733
1921,"April 5, 2020",6859
1922,"April 6, 2020",6788
1923,"April 7, 2020",7298
1924,"April 8, 2020",7197
1925,"April 9, 2020",7342
1926,"April 10, 2020",7294
1927,"April 11, 2020",6865
1928,"April 12, 2020",6879
1929,"April 13, 2020",6913
1930,"April 14, 2020",6858
1931,"April 15, 2020",6860
1932,"April 16, 2020",6629
1933,"April 17, 2020",7060
1934,"April 18, 2020",7035
1935,"April 19, 2020",7243
1936,"April 20, 2020",7128
1937,"April 21, 2020",6856
1938,"April 22, 2020",6842
1939,"April 23, 2020",7110
1940,"April 24, 2020",7383
1941,"April 25, 2020",7495
1942,"April 26, 2020",7539
1943,"April 27, 2020",7684
1944,"April 28, 2020",7774
1945,"April 29, 2020",7758
1946,"April 30, 2020",8744
1947,"may 1, 2020",8611
1948,"may 2, 2020",8825
1949,"may 3, 2020",8966
1950,"may 4, 2020",8889
1951,"may 5, 2020",8884
1952,"may 6, 2020",9003
1953,"may 7, 2020",9145
1954,"may 8, 2020",9959
1955,"may 9, 2020",9822
1956,"may 10, 2020",9567
1957,"may 11, 2020",8753
1958,"may 12, 2020",8605
1959,"may 13, 2020",8788
1960,"may 14, 2020",9283
1961,"may 15, 2020",9796
1962,"may 16, 2020",9309
1963,"may 17, 2020",9375
1964,"may 18, 2020",9666
1965,"may 19, 2020",9708
1966,"may 20, 2020",9760
1967,"may 21, 2020",9527
1968,"may 22, 2020",9060
1969,"may 23, 2020",9132
1970,"may 24, 2020",9170
1971,"may 25, 2020",8732
1972,"may 26, 2020",8884
1973,"may 27, 2020",8839
1974,"may 28, 2020",9174
1975,"may 29, 2020",9546
1976,"may 30, 2020",9427
1977,"may 31, 2020",9663
1978,"June 1, 2020",9467
1979,"June 2, 2020",1017
1980,"June 3, 2020",9515
1981,"June 4, 2020",9645
1982,"June 5, 2020",9776
1983,"June 6, 2020",9637
1984,"June 7, 2020",9663
1985,"June 8, 2020",9739
1986,"June 9, 2020",9773
1987,"June 10, 2020",9767
1988,"June 11, 2020",9875
1989,"June 12, 2020",9326
1990,"June 13, 2020",9470
1991,"June 14, 2020",9469
1992,"June 15, 2020",9346
1993,"June 16, 2020",9432
1994,"June 17, 2020",9525
1995,"June 18, 2020",9463
1996,"June 19, 2020",9400
1997,"June 20, 2020",9313
1998,"June 21, 2020",9360
1999,"June 22, 2020",9298
2000,"June 23, 2020",9679
2001,"June 24, 2020",9625
2002,"June 25, 2020",9288
2003,"June 26, 2020",9259
2004,"June 27, 2020",9166
2005,"June 28, 2020",9014
2006,"June 29, 2020",9140
2007,"June 30, 2020",9185
2008,"July 1, 2020",9150
2009,"July 2, 2020",9231
2010,"July 3, 2020",9094
2011,"July 4, 2020",9071
2012,"July 5, 2020",9133
2013,"July 6, 2020",9087
2014,"July 7, 2020",9342
2015,"July 8, 2020",9254
2016,"July 9, 2020",9432
2017,"July 10, 2020",9236
2018,"July 11, 2020",9283
2019,"July 12, 2020",9234
2020,"July 13, 2020",9297
2021,"July 14, 2020",9241
2022,"July 15, 2020",9247
2023,"July 16, 2020",9203
2024,"July 17, 2020",9136
2025,"July 18, 2020",9156
2026,"July 19, 2020",9168
2027,"July 20, 2020",9203
2028,"July 21, 2020",9163
2029,"July 22, 2020",9384
2030,"July 23, 2020",9514
2031,"July 24, 2020",9590
2032,"July 25, 2020",9536
2033,"July 26, 2020",9692
2034,"July 27, 2020",9926
2035,"July 28, 2020",10962
2036,"July 29, 2020",10905
2037,"July 30, 2020",11094
2038,"July 31, 2020",11116
2039,"August 1, 2020",11326
2040,"August 2, 2020",11812
2041,"August 3, 2020",11066
2042,"August 4, 2020",11231
2043,"August 5, 2020",11182
2044,"August 6, 2020",11719
2045,"August 7, 2020",11768
2046,"August 8, 2020",11571
2047,"August 9, 2020",11739
2048,"August 10, 2020",11683
2049,"August 11, 2020",11863
2050,"August 12, 2020",11399
2051,"August 13, 2020",11580
2052,"August 14, 2020",11817
2053,"August 15, 2020",11777
2054,"August 16, 2020",11865
2055,"August 17, 2020",11902
2056,"August 18, 2020",12272
2057,"August 19, 2020",11950
2058,"August 20, 2020",11733
2059,"August 21, 2020",11862
2060,"August 22, 2020",11515
2061,"August 23, 2020",11676
2062,"August 24, 2020",11648
2063,"August 25, 2020",11759
2064,"August 26, 2020",11351
2065,"August 27, 2020",11465
2066,"August 28, 2020",11300
2067,"August 29, 2020",11519
2068,"August 30, 2020",11481
2069,"August 31, 2020",11701
2070,"September 1, 2020",11672
2071,"September 2, 2020",11895
2072,"September 3, 2020",11418
2073,"September 4, 2020",10197
2074,"September 5, 2020",10484
2075,"September 6, 2020",10178
2076,"September 7, 2020",10260
2077,"September 8, 2020",10359
2078,"September 9, 2020",10125
2079,"September 10, 2020",10230
2080,"September 11, 2020",10342
2081,"September 12, 2020",10378
2082,"September 13, 2020",10439
2083,"September 14, 2020",10329
2084,"September 15, 2020",10661
2085,"September 16, 2020",10788
2086,"September 17, 2020",10952
2087,"September 18, 2020",10938
2088,"September 19, 2020",10927
2089,"September 20, 2020",11084
2090,"September 21, 2020",10923
2091,"September 22, 2020",10440
2092,"September 23, 2020",10528
2093,"September 24, 2020",10224
2094,"September 25, 2020",10727
2095,"September 26, 2020",10682
2096,"September 27, 2020",10743
2097,"September 28, 2020",10765
2098,"September 29, 2020",10672
2099,"September 30, 2020",10838
2100,"October 1, 2020",10771
2101,"October 2, 2020",10628
2102,"October 3, 2020",10573
2103,"October 4, 2020",10547
2104,"October 5, 2020",10671
2105,"October 6, 2020",10785
2106,"October 7, 2020",10606
2107,"October 8, 2020",10668
2108,"October 9, 2020",10889
2109,"October 10, 2020",11063
2110,"October 11, 2020",11287
2111,"October 12, 2020",11378
2112,"October 13, 2020",11543
2113,"October 14, 2020",11426
2114,"October 15, 2020",11436
2115,"October 16, 2020",11496
2116,"October 17, 2020",11319
2117,"October 18, 2020",11366
2118,"October 19, 2020",11496
2119,"October 20, 2020",11752
2120,"October 21, 2020",11909
2121,"October 22, 2020",12806
2122,"October 23, 2020",12951
2123,"October 24, 2020",12928
2124,"October 25, 2020",13106
2125,"October 26, 2020",13021
2126,"October 27, 2020",13061
2127,"October 28, 2020",13655
2128,"October 29, 2020",13283
2129,"October 30, 2020",13442
2130,"October 31, 2020",13537
2131,"November 1, 2020",13779
2132,"November 2, 2020",13720
2133,"November 3, 2020",13558
2134,"November 4, 2020",13990
2135,"November 5, 2020",14102
2136,"November 6, 2020",15553
2137,"November 7, 2020",15548
2138,"November 8, 2020",14818
2139,"November 9, 2020",15496
2140,"November 10, 2020",15335
2141,"November 11, 2020",15279
2142,"November 12, 2020",15687
2143,"November 13, 2020",16265
2144,"November 14, 2020",16327
2145,"November 15, 2020",16096
2146,"November 16, 2020",15985
2147,"November 17, 2020",16714
2148,"November 18, 2020",17652
2149,"November 19, 2020",17830
2150,"November 20, 2020",17820
2151,"November 21, 2020",18629
2152,"November 22, 2020",18690
2153,"November 23, 2020",18391
2154,"November 24, 2020",18361
2155,"November 25, 2020",19092
2156,"November 26, 2020",18753
2157,"November 27, 2020",17138
2158,"November 28, 2020",17140
2159,"November 29, 2020",17719
2160,"November 30, 2020",18170
2161,"December 1, 2020",19610
2162,"December 2, 2020",18857
2163,"December 3, 2020",19208
2164,"December 4, 2020",19435
2165,"December 5, 2020",18711
2166,"December 6, 2020",19139
2167,"December 7, 2020",19326
2168,"December 8, 2020",19199
2169,"December 9, 2020",18337
2170,"December 10, 2020",18565
2171,"December 11, 2020",18262
2172,"December 12, 2020",18058
2173,"December 13, 2020",18807
2174,"December 14, 2020",19151
2175,"December 15, 2020",19260
2176,"December 16, 2020",19432
2177,"December 17, 2020",21318
2178,"December 18, 2020",22806
2179,"December 19, 2020",23121
2180,"December 20, 2020",23864
2181,"December 21, 2020",23518
2182,"December 22, 2020",22841
2183,"December 23, 2020",23795
2184,"December 24, 2020",23308
2185,"December 25, 2020",23760
2186,"December 26, 2020",24671
2187,"December 27, 2020",26476
2188,"December 28, 2020",26423
2189,"December 29, 2020",27125
2190,"December 30, 2020",27425
2191,"December 31, 2020",28837
2192,"January 1, 2021",29022
2193,"January 2, 2021",29352
2194,"January 3, 2021",32164
2195,"January 4, 2021",33008
2196,"January 5, 2021",31516
2197,"January 6, 2021",34082
2198,"January 7, 2021",36934
2199,"January 8, 2021",39547
2200,"January 9, 2021",40816
2201,"January 10, 2021",40297
2202,"January 11, 2021",38398
2203,"January 12, 2021",35670
2204,"January 13, 2021",33938
2205,"January 14, 2021",37456
2206,"January 15, 2021",39233
2207,"January 16, 2021",36788
2208,"January 17, 2021",36255
2209,"January 18, 2021",35804
2210,"January 19, 2021",36595
2211,"January 20, 2021",36105
2212,"January 21, 2021",35587
2213,"January 22, 2021",30914
2214,"January 23, 2021",32958
2215,"January 24, 2021",32068
2216,"January 25, 2021",32274
2217,"January 26, 2021",32375
2218,"January 27, 2021",32582
2219,"January 28, 2021",30446
2220,"January 29, 2021",33128
2221,"January 30, 2021",34151
2222,"January 31, 2021",34200
2223,"February 1, 2021",33065
2224,"February 2, 2021",33406
2225,"February 3, 2021",35486
2226,"February 4, 2021",37495
2227,"February 5, 2021",36817
2228,"February 6, 2021",38008
2229,"February 7, 2021",39279
2230,"February 8, 2021",38833
2231,"February 9, 2021",46308
2232,"February 10, 2021",46570
2233,"February 11, 2021",44849
2234,"February 12, 2021",47816
2235,"February 13, 2021",47414
2236,"February 14, 2021",46941
2237,"February 15, 2021",48608
2238,"February 16, 2021",47898
2239,"February 17, 2021",49238
2240,"February 18, 2021",52144
2241,"February 19, 2021",51733
2242,"February 20, 2021",56039
2243,"February 21, 2021",56378
2244,"February 22, 2021",57669
2245,"February 23, 2021",54411
2246,"February 24, 2021",48692
2247,"February 25, 2021",49849
2248,"February 26, 2021",46993
2249,"February 27, 2021",46551
2250,"February 28, 2021",46654
2251,"March 1, 2021",44970
2252,"March 2, 2021",49787
2253,"March 3, 2021",48532
2254,"March 4, 2021",50577
2255,"March 5, 2021",48727
2256,"March 6, 2021",49092
2257,"March 7, 2021",49019
2258,"March 8, 2021",51313
2259,"March 9, 2021",52329
2260,"March 10, 2021",54700
2261,"March 11, 2021",56020
2262,"March 12, 2021",57789
2263,"March 13, 2021",57354
2264,"March 14, 2021",61315
2265,"March 15, 2021",59429
2266,"March 16, 2021",55805
2267,"March 17, 2021",56830
2268,"March 18, 2021",59015
2269,"March 19, 2021",57922
2270,"March 20, 2021",58243
2271,"March 21, 2021",58376
2272,"March 22, 2021",57574
2273,"March 23, 2021",54370
2274,"March 24, 2021",54585
2275,"March 25, 2021",52527
2276,"March 26, 2021",51417
2277,"March 27, 2021",55033
2278,"March 28, 2021",55832
2279,"March 29, 2021",55728
2280,"March 30, 2021",57635
2281,"March 31, 2021",58669
2282,"April 1, 2021",58817
2283,"April 2, 2021",58801
2284,"April 3, 2021",59060
2285,"April 4, 2021",57060
2286,"April 5, 2021",58229
2287,"April 6, 2021",58707
2288,"April 7, 2021",58062
2289,"April 8, 2021",56134
2290,"April 9, 2021",58066
2291,"April 10, 2021",58153
2292,"April 11, 2021",59979
2293,"April 12, 2021",59988
2294,"April 13, 2021",59911
2295,"April 14, 2021",63577
2296,"April 15, 2021",62807
2297,"April 16, 2021",63180
2298,"April 17, 2021",61497
2299,"April 18, 2021",60274
2300,"April 19, 2021",56289
2301,"April 20, 2021",55721
2302,"April 21, 2021",56295
2303,"April 22, 2021",54190
2304,"April 23, 2021",51966
2305,"April 24, 2021",51191
2306,"April 25, 2021",50133
2307,"April 26, 2021",48981
2308,"April 27, 2021",53979
2309,"April 28, 2021",54992
2310,"April 29, 2021",54811
2311,"April 30, 2021",53597
2312,"may 1, 2021",57829
2313,"may 2, 2021",57813
2314,"may 3, 2021",56601
2315,"may 4, 2021",57200
2316,"may 5, 2021",53464
2317,"may 6, 2021",57432
2318,"may 7, 2021",56508
2319,"may 8, 2021",57362
2320,"may 9, 2021",58772
2321,"may 10, 2021",58214
2322,"may 11, 2021",55902
2323,"may 12, 2021",56929
2324,"may 13, 2021",50005
2325,"may 14, 2021",49973
2326,"may 15, 2021",49913
2327,"may 16, 2021",46781
2328,"may 17, 2021",46585
2329,"may 18, 2021",43781
2330,"may 19, 2021",43091
2331,"may 20, 2021",37287
2332,"may 21, 2021",40438
2333,"may 22, 2021",37340
2334,"may 23, 2021",37520
2335,"may 24, 2021",34978
2336,"may 25, 2021",38642
2337,"may 26, 2021",38211
2338,"may 27, 2021",39407
2339,"may 28, 2021",38643
2340,"may 29, 2021",35710
2341,"may 30, 2021",34775
2342,"may 31, 2021",35715
2343,"June 1, 2021",37341
2344,"June 2, 2021",36680
2345,"June 3, 2021",37686
2346,"June 4, 2021",39151
2347,"June 5, 2021",36939
2348,"June 6, 2021",35547
2349,"June 7, 2021",35834
2350,"June 8, 2021",33451
2351,"June 9, 2021",33557
2352,"June 10, 2021",37554
2353,"June 11, 2021",36903
2354,"June 12, 2021",37289
2355,"June 13, 2021",35666
2356,"June 14, 2021",39148
2357,"June 15, 2021",40625
2358,"June 16, 2021",40378
2359,"June 17, 2021",38321
2360,"June 18, 2021",38194
2361,"June 19, 2021",35881
2362,"June 20, 2021",35582
2363,"June 21, 2021",35787
2364,"June 22, 2021",31712
2365,"June 23, 2021",32508
2366,"June 24, 2021",33703
2367,"June 25, 2021",34675
2368,"June 26, 2021",31943
2369,"June 27, 2021",32024
2370,"June 28, 2021",34607
2371,"June 29, 2021",34557
2372,"June 30, 2021",35969
2373,"July 1, 2021",35171
2374,"July 2, 2021",33678
2375,"July 3, 2021",33951
2376,"July 4, 2021",34730
2377,"July 5, 2021",35394
2378,"July 6, 2021",33928
2379,"July 7, 2021",34150
2380,"July 8, 2021",33932
2381,"July 9, 2021",32934
2382,"July 10, 2021",33971
2383,"July 11, 2021",33705
2384,"July 12, 2021",34300
2385,"July 13, 2021",33263
2386,"July 14, 2021",32676
2387,"July 15, 2021",32879
2388,"July 16, 2021",31726
2389,"July 17, 2021",31400
2390,"July 18, 2021",31589
2391,"July 19, 2021",31919
2392,"July 20, 2021",30928
2393,"July 21, 2021",29972
2394,"July 22, 2021",32384
2395,"July 23, 2021",32409
2396,"July 24, 2021",33456
2397,"July 25, 2021",34214
2398,"July 26, 2021",35456
2399,"July 27, 2021",37282
2400,"July 28, 2021",39077
2401,"July 29, 2021",40031
2402,"July 30, 2021",39978
2403,"July 31, 2021",41936
2404,"August 1, 2021",41754
2405,"August 2, 2021",39915
2406,"August 3, 2021",39279
2407,"August 4, 2021",38368
2408,"August 5, 2021",39752
2409,"August 6, 2021",40825
2410,"August 7, 2021",42802
2411,"August 8, 2021",44648
2412,"August 9, 2021",43753
2413,"August 10, 2021",46311
2414,"August 11, 2021",45640
2415,"August 12, 2021",45652
2416,"August 13, 2021",44495
2417,"August 14, 2021",47717
2418,"August 15, 2021",47089
2419,"August 16, 2021",47025
2420,"August 17, 2021",46032
2421,"August 18, 2021",44534
2422,"August 19, 2021",45015
2423,"August 20, 2021",46745
2424,"August 21, 2021",49196
2425,"August 22, 2021",48934
2426,"August 23, 2021",49251
2427,"August 24, 2021",49519
2428,"August 25, 2021",47941
2429,"August 26, 2021",49003
2430,"August 27, 2021",47229
2431,"August 28, 2021",49083
2432,"August 29, 2021",48937
2433,"August 30, 2021",48907
2434,"August 31, 2021",47124
2435,"September 1, 2021",47335
2436,"September 2, 2021",48823
2437,"September 3, 2021",49339
2438,"September 4, 2021",49935
2439,"September 5, 2021",50013
2440,"September 6, 2021",51696
2441,"September 7, 2021",52740
2442,"September 8, 2021",46995
2443,"September 9, 2021",46085
2444,"September 10, 2021",46519
2445,"September 11, 2021",44803
2446,"September 12, 2021",45196
2447,"September 13, 2021",46195
2448,"September 14, 2021",45140
2449,"September 15, 2021",47135
2450,"September 16, 2021",48187
2451,"September 17, 2021",47879
2452,"September 18, 2021",47229
2453,"September 19, 2021",48267
2454,"September 20, 2021",47371
2455,"September 21, 2021",42933
2456,"September 22, 2021",40387
2457,"September 23, 2021",43587
2458,"September 24, 2021",44981
2459,"September 25, 2021",42752
2460,"September 26, 2021",42857
2461,"September 27, 2021",43337
2462,"September 28, 2021",42247
2463,"September 29, 2021",41010
2464,"September 30, 2021",41588
2465,"October 1, 2021",43859
2466,"October 2, 2021",48182
2467,"October 3, 2021",47778
2468,"October 4, 2021",48283
2469,"October 5, 2021",49260
2470,"October 6, 2021",51669
2471,"October 7, 2021",55415
2472,"October 8, 2021",53895
2473,"October 9, 2021",54011
2474,"October 10, 2021",55125
2475,"October 11, 2021",54712
2476,"October 12, 2021",57573
2477,"October 13, 2021",56335
2478,"October 14, 2021",57488
2479,"October 15, 2021",57452
2480,"October 16, 2021",61809
2481,"October 17, 2021",61166
2482,"October 18, 2021",61584
2483,"October 19, 2021",62018
2484,"October 20, 2021",64518
2485,"October 21, 2021",66238
2486,"October 22, 2021",62541
2487,"October 23, 2021",61029
2488,"October 24, 2021",61572
2489,"October 25, 2021",61173
2490,"October 26, 2021",63228
2491,"October 27, 2021",60604
2492,"October 28, 2021",58641
2493,"October 29, 2021",60768
2494,"October 30, 2021",62283
2495,"October 31, 2021",61837
2496,"November 1, 2021",61472
2497,"November 2, 2021",61122
2498,"November 3, 2021",63247
2499,"November 4, 2021",63131
2500,"November 5, 2021",61602
2501,"November 6, 2021",61247
2502,"November 7, 2021",61661
2503,"November 8, 2021",63153
2504,"November 9, 2021",67617
2505,"November 10, 2021",67145
2506,"November 11, 2021",65061
2507,"November 12, 2021",65006
2508,"November 13, 2021",64432
2509,"November 14, 2021",64660
2510,"November 15, 2021",65649
2511,"November 16, 2021",63934
2512,"November 17, 2021",60449
2513,"November 18, 2021",60604
2514,"November 19, 2021",56987
2515,"November 20, 2021",58459
2516,"November 21, 2021",60083
2517,"November 22, 2021",59140
2518,"November 23, 2021",56387
2519,"November 24, 2021",57749
2520,"November 25, 2021",57198
2521,"November 26, 2021",58898
2522,"November 27, 2021",53828
2523,"November 28, 2021",54533
2524,"November 29, 2021",57238
2525,"November 30, 2021",57849
2526,"December 1, 2021",57011
2527,"December 2, 2021",57169
2528,"December 3, 2021",56508
2529,"December 4, 2021",53786
2530,"December 5, 2021",49162
2531,"December 6, 2021",49268
2532,"December 7, 2021",50462
2533,"December 8, 2021",50648
2534,"December 9, 2021",50530
2535,"December 10, 2021",47886
2536,"December 11, 2021",47304
2537,"December 12, 2021",49242
2538,"December 13, 2021",50051
2539,"December 14, 2021",46696
2540,"December 15, 2021",48411
2541,"December 16, 2021",48937
2542,"December 17, 2021",47695
2543,"December 18, 2021",46329
2544,"December 19, 2021",46970
2545,"December 20, 2021",46807
2546,"December 21, 2021",47117
2547,"December 22, 2021",49145
2548,"December 23, 2021",48756
2549,"December 24, 2021",50901
2550,"December 25, 2021",50889
2551,"December 26, 2021",50663
2552,"December 27, 2021",50853
2553,"December 28, 2021",50774
2554,"December 29, 2021",47725
2555,"December 30, 2021",46507
2556,"December 31, 2021",47192
2557,"January 1, 2022",46320
2558,"January 2, 2022",47816
2559,"January 3, 2022",47387
2560,"January 4, 2022",46531
2561,"January 5, 2022",45938
2562,"January 6, 2022",43647
2563,"January 7, 2022",43216
2564,"January 8, 2022",41527
2565,"January 9, 2022",41757
2566,"January 10, 2022",41862
2567,"January 11, 2022",41870
2568,"January 12, 2022",42777
2569,"January 13, 2022",43982
2570,"January 14, 2022",42608
2571,"January 15, 2022",43121
2572,"January 16, 2022",43227
2573,"January 17, 2022",43120
2574,"January 18, 2022",42298
2575,"January 19, 2022",42395
2576,"January 20, 2022",41750
2577,"January 21, 2022",40708
2578,"January 22, 2022",36509
2579,"January 23, 2022",35180
2580,"January 24, 2022",36306
2581,"January 25, 2022",36774
2582,"January 26, 2022",36989
2583,"January 27, 2022",36870
2584,"January 28, 2022",37277
2585,"January 29, 2022",37853
2586,"January 30, 2022",38232
2587,"January 31, 2022",37983
2588,"February 1, 2022",38556
2589,"February 2, 2022",38836
2590,"February 3, 2022",37001
2591,"February 4, 2022",37101
2592,"February 5, 2022",41674
2593,"February 6, 2022",41494
2594,"February 7, 2022",42476
2595,"February 8, 2022",43911
2596,"February 9, 2022",44184
2597,"February 10, 2022",44384
2598,"February 11, 2022",43628
2599,"February 12, 2022",42445
2600,"February 13, 2022",42255
2601,"February 14, 2022",42248
2602,"February 15, 2022",42635
2603,"February 16, 2022",44574
2604,"February 17, 2022",44063
2605,"February 18, 2022",40563
2606,"February 19, 2022",40073
2607,"February 20, 2022",40193
2608,"February 21, 2022",38514
2609,"February 22, 2022",37060
2610,"February 23, 2022",38337
2611,"February 24, 2022",37372
2612,"February 25, 2022",38363
2613,"February 26, 2022",39316
2614,"February 27, 2022",39090
2615,"February 28, 2022",37804
2616,"March 1, 2022",43225
2617,"March 2, 2022",44460
2618,"March 3, 2022",43981
2619,"March 4, 2022",42492
2620,"March 5, 2022",39200
2621,"March 6, 2022",39463
2622,"March 7, 2022",38443
2623,"March 8, 2022",38076
2624,"March 9, 2022",38733
2625,"March 10, 2022",41986
2626,"March 11, 2022",39468
2627,"March 12, 2022",38775
2628,"March 13, 2022",38904
2629,"March 14, 2022",37853
2630,"March 15, 2022",39669
2631,"March 16, 2022",39332
2632,"March 17, 2022",41166
2633,"March 18, 2022",41002
2634,"March 19, 2022",41837
2635,"March 20, 2022",42202
2636,"March 21, 2022",41283
2637,"March 22, 2022",41062
2638,"March 23, 2022",42402
2639,"March 24, 2022",42802
2640,"March 25, 2022",43936
2641,"March 26, 2022",44332
2642,"March 27, 2022",44511
2643,"March 28, 2022",46715
2644,"March 29, 2022",46995
2645,"March 30, 2022",47459
2646,"March 31, 2022",47063
2647,"April 1, 2022",45528
2648,"April 2, 2022",46270
2649,"April 3, 2022",45842
2650,"April 4, 2022",46435
2651,"April 5, 2022",46623
2652,"April 6, 2022",45635
2653,"April 7, 2022",43199
2654,"April 8, 2022",43515
2655,"April 9, 2022",42316
2656,"April 10, 2022",42796
2657,"April 11, 2022",42275
2658,"April 12, 2022",39604
2659,"April 13, 2022",40206
2660,"April 14, 2022",41205
2661,"April 15, 2022",39959
2662,"April 16, 2022",40587
2663,"April 17, 2022",40450
2664,"April 18, 2022",39739
2665,"April 19, 2022",40834
2666,"April 20, 2022",41498
2667,"April 21, 2022",41397
2668,"April 22, 2022",40529
2669,"April 23, 2022",39757
2670,"April 24, 2022",39562
2671,"April 25, 2022",39469
2672,"April 26, 2022",40489
2673,"April 27, 2022",38134
2674,"April 28, 2022",39238
2675,"April 29, 2022",39742
2676,"April 30, 2022",38651
2677,"may 1, 2022",37821
2678,"may 2, 2022",38538
2679,"may 3, 2022",38562
2680,"may 4, 2022",37758
2681,"may 5, 2022",39699
2682,"may 6, 2022",36612
2683,"may 7, 2022",36116
2684,"may 8, 2022",35573
2685,"may 9, 2022",34070
2686,"may 10, 2022",30270
2687,"may 11, 2022",31027
2688,"may 12, 2022",28913
2689,"may 13, 2022",29126
2690,"may 14, 2022",29311
2691,"may 15, 2022",30189
2692,"may 16, 2022",31319
2693,"may 17, 2022",29924
2694,"may 18, 2022",30502
2695,"may 19, 2022",28772
2696,"may 20, 2022",30382
2697,"may 21, 2022",29257
2698,"may 22, 2022",29492
2699,"may 23, 2022",30351
2700,"may 24, 2022",29163
2701,"may 25, 2022",29655
2702,"may 26, 2022",29585
2703,"may 27, 2022",29347
2704,"may 28, 2022",28647
2705,"may 29, 2022",29088
2706,"may 30, 2022",29493
2707,"may 31, 2022",31741
2708,"June 1, 2022",31866
2709,"June 2, 2022",29833
2710,"June 3, 2022",30481
2711,"June 4, 2022",29714
2712,"June 5, 2022",29872
2713,"June 6, 2022",29918
2714,"June 7, 2022",31373
2715,"June 8, 2022",31265
2716,"June 9, 2022",30229
2717,"June 10, 2022",30101
2718,"June 11, 2022",29101
2719,"June 12, 2022",28374
2720,"June 13, 2022",26767
2721,"June 14, 2022",22526
2722,"June 15, 2022",22245
2723,"June 16, 2022",22529
2724,"June 17, 2022",20409
2725,"June 18, 2022",20473
2726,"June 19, 2022",19047
2727,"June 20, 2022",20516
2728,"June 21, 2022",20637
2729,"June 22, 2022",20701
2730,"June 23, 2022",19984
2731,"June 24, 2022",21100
2732,"June 25, 2022",21263
2733,"June 26, 2022",21526
2734,"June 27, 2022",21053
2735,"June 28, 2022",20751
2736,"June 29, 2022",20283
2737,"June 30, 2022",20109
2738,"July 1, 2022",19608
2739,"July 2, 2022",19407
2740,"July 3, 2022",19268
2741,"July 4, 2022",19310
2742,"July 5, 2022",20257
2743,"July 6, 2022",20189
2744,"July 7, 2022",20567
2745,"July 8, 2022",21661
2746,"July 9, 2022",21859
2747,"July 10, 2022",21590
2748,"July 11, 2022",20860
2749,"July 12, 2022",19998
2750,"July 13, 2022",19351
2751,"July 14, 2022",20225
2752,"July 15, 2022",20575
2753,"July 16, 2022",20795
2754,"July 17, 2022",21193
2755,"July 18, 2022",20824
2756,"July 19, 2022",22395
2757,"July 20, 2022",23367
2758,"July 21, 2022",23313
2759,"July 22, 2022",23155
2760,"July 23, 2022",22697
2761,"July 24, 2022",22506
2762,"July 25, 2022",22614
2763,"July 26, 2022",21330
2764,"July 27, 2022",21236
2765,"July 28, 2022",22909
2766,"July 29, 2022",23822
2767,"July 30, 2022",23848
2768,"July 31, 2022",23653
2769,"August 1, 2022",23380
2770,"August 2, 2022",23334
2771,"August 3, 2022",23054
2772,"August 4, 2022",22860
2773,"August 5, 2022",22678
2774,"August 6, 2022",23225
2775,"August 7, 2022",22985
2776,"August 8, 2022",23198
2777,"August 9, 2022",23824
2778,"August 10, 2022",23204
2779,"August 11, 2022",23949
2780,"August 12, 2022",23949
2781,"August 13, 2022",24411
2782,"August 14, 2022",24434
2783,"August 15, 2022",24313
2784,"August 16, 2022",24179
2785,"August 17, 2022",23913
2786,"August 18, 2022",23359
2787,"August 19, 2022",23248
2788,"August 20, 2022",20946
2789,"August 21, 2022",21175
2790,"August 22, 2022",21616
2791,"August 23, 2022",21388
2792,"August 24, 2022",21562
2793,"August 25, 2022",21395
2794,"August 26, 2022",21618
2795,"August 27, 2022",20271
2796,"August 28, 2022",20070
2797,"August 29, 2022",19659
2798,"August 30, 2022",20309
2799,"August 31, 2022",19805
2800,"September 1, 2022",20024
2801,"September 2, 2022",20154
2802,"September 3, 2022",19941
2803,"September 4, 2022",19815
2804,"September 5, 2022",19980
2805,"September 6, 2022",19786
2806,"September 7, 2022",18860
2807,"September 8, 2022",19281
2808,"September 9, 2022",19323
2809,"September 10, 2022",21360
2810,"September 11, 2022",21707
2811,"September 12, 2022",21740
2812,"September 13, 2022",22340
2813,"September 14, 2022",20185
2814,"September 15, 2022",20256
2815,"September 16, 2022",19702
2816,"September 17, 2022",19764
2817,"September 18, 2022",20132
2818,"September 19, 2022",19437
2819,"September 20, 2022",19570
2820,"September 21, 2022",18870
2821,"September 22, 2022",18540
2822,"September 23, 2022",19464
2823,"September 24, 2022",19292
2824,"September 25, 2022",18940
2825,"September 26, 2022",18809
2826,"September 27, 2022",19220
2827,"September 28, 2022",19116
2828,"September 29, 2022",19445
2829,"September 30, 2022",19564
2830,"October 1, 2022",19477
2831,"October 2, 2022",19314
2832,"October 3, 2022",19065
2833,"October 4, 2022",19621
2834,"October 5, 2022",20345
2835,"October 6, 2022",20162
2836,"October 7, 2022",19949
2837,"October 8, 2022",19457
2838,"October 9, 2022",19418
2839,"October 10, 2022",19448
2840,"October 11, 2022",19143
2841,"October 12, 2022",19059
2842,"October 13, 2022",19153
2843,"October 14, 2022",19384
2844,"October 15, 2022",19198
2845,"October 16, 2022",19073
2846,"October 17, 2022",19273
2847,"October 18, 2022",19558
2848,"October 19, 2022",19348
2849,"October 20, 2022",19134
2850,"October 21, 2022",19031
2851,"October 22, 2022",19173
2852,"October 23, 2022",19204
2853,"October 24, 2022",19575
2854,"October 25, 2022",19317
2855,"October 26, 2022",20095
2856,"October 27, 2022",20774
2857,"October 28, 2022",20278
2858,"October 29, 2022",20591
2859,"October 30, 2022",20801
2860,"October 31, 2022",20624
2861,"November 1, 2022",20495
2862,"November 2, 2022",20490
2863,"November 3, 2022",20163
2864,"November 4, 2022",20211
2865,"November 5, 2022",21150
2866,"November 6, 2022",21283
2867,"November 7, 2022",20907
2868,"November 8, 2022",20598
2869,"November 9, 2022",18562
2870,"November 10, 2022",15742
2871,"November 11, 2022",17595
2872,"November 12, 2022",17080
2873,"November 13, 2022",16798
2874,"November 14, 2022",16344
2875,"November 15, 2022",16646
2876,"November 16, 2022",16891
2877,"November 17, 2022",16689
2878,"November 18, 2022",16718
2879,"November 19, 2022",16707
2880,"November 20, 2022",16713
2881,"November 21, 2022",16304
2882,"November 22, 2022",15814
2883,"November 23, 2022",16172
2884,"November 24, 2022",16608
2885,"November 25, 2022",16596
2886,"November 26, 2022",16524
2887,"November 27, 2022",16456
2888,"November 28, 2022",16459
2889,"November 29, 2022",16222
2890,"November 30, 2022",16442
2891,"December 1, 2022",17187
2892,"December 2, 2022",16973
2893,"December 3, 2022",17085
2894,"December 4, 2022",16923
2895,"December 5, 2022",17150
2896,"December 6, 2022",16973
2897,"December 7, 2022",17086
2898,"December 8, 2022",16851
2899,"December 9, 2022",17235
2900,"December 10, 2022",17150
2901,"December 11, 2022",17125
2902,"December 12, 2022",17101
2903,"December 13, 2022",17180
2904,"December 14, 2022",17784
2905,"December 15, 2022",17809
2906,"December 16, 2022",17338
2907,"December 17, 2022",16624
2908,"December 18, 2022",16806
2909,"December 19, 2022",16743
2910,"December 20, 2022",16423
2911,"December 21, 2022",16899
2912,"December 22, 2022",16817
2913,"December 23, 2022",16825
2914,"December 24, 2022",16791
2915,"December 25, 2022",16849
2916,"December 26, 2022",16842
2917,"December 27, 2022",16900
2918,"December 28, 2022",16702
2919,"December 29, 2022",16539
2920,"December 30, 2022",16644
2921,"December 31, 2022",16604
2922,"January 1, 2023",16541
2923,"January 2, 2023",16616
2924,"January 3, 2023",16674
2925,"January 4, 2023",16678
2926,"January 5, 2023",16855
2927,"January 6, 2023",16832
2928,"January 7, 2023",16960
2929,"January 8, 2023",16951
2930,"January 9, 2023",17075
2931,"January 10, 2023",17195
2932,"January 11, 2023",17437
2933,"January 12, 2023",17997
2934,"January 13, 2023",18867
2935,"January 14, 2023",19942
2936,"January 15, 2023",21019
2937,"January 16, 2023",20853
2938,"January 17, 2023",21175
2939,"January 18, 2023",21157
2940,"January 19, 2023",20727
2941,"January 20, 2023",21082
2942,"January 21, 2023",22706
2943,"January 22, 2023",22771
2944,"January 23, 2023",22737
2945,"January 24, 2023",22985
2946,"January 25, 2023",22610
2947,"January 26, 2023",23180
2948,"January 27, 2023",23025
2949,"January 28, 2023",23083
2950,"January 29, 2023",23022
2951,"January 30, 2023",23797
2952,"January 31, 2023",22840
2953,"February 1, 2023",23137
2954,"February 2, 2023",23725
2955,"February 3, 2023",23540
2956,"February 4, 2023",23452
2957,"February 5, 2023",23340
2958,"February 6, 2023",22946
2959,"February 7, 2023",22786
2960,"February 8, 2023",23295
2961,"February 9, 2023",22948
2962,"February 10, 2023",21821
2963,"February 11, 2023",21630
2964,"February 12, 2023",21889
2965,"February 13, 2023",21780
2966,"February 14, 2023",21808
2967,"February 15, 2023",22220
2968,"February 16, 2023",24308
2969,"February 17, 2023",23757
2970,"February 18, 2023",24629
2971,"February 19, 2023",24643
2972,"February 20, 2023",24284
2973,"February 21, 2023",24787
2974,"February 22, 2023",24417
2975,"February 23, 2023",24146
2976,"February 24, 2023",23951
2977,"February 25, 2023",23172
2978,"February 26, 2023",23157
2979,"February 27, 2023",23541
2980,"February 28, 2023",23518
2981,"March 1, 2023",23156
2982,"March 2, 2023",23634
2983,"March 3, 2023",23464
2984,"March 4, 2023",22367
2985,"March 5, 2023",22348
2986,"March 6, 2023",22422
2987,"March 7, 2023",22415
2988,"March 8, 2023",22217
2989,"March 9, 2023",21713
2990,"March 10, 2023",20376
2991,"March 11, 2023",20195
2992,"March 12, 2023",20522
2993,"March 13, 2023",22096
2994,"March 14, 2023",24179
2995,"March 15, 2023",24759
2996,"March 16, 2023",24471
2997,"March 17, 2023",25161
2998,"March 18, 2023",27467
2999,"March 19, 2023",27108
3000,"March 20, 2023",28187
3001,"March 21, 2023",27929
3002,"March 22, 2023",28264
3003,"March 23, 2023",27449
3004,"March 24, 2023",28460
3005,"March 25, 2023",27595
3006,"March 26, 2023",27670
3007,"March 27, 2023",28048
3008,"March 28, 2023",27182
3009,"March 29, 2023",27291
3010,"March 30, 2023",28395
3011,"March 31, 2023",28041
3012,"April 1, 2023",28517
3013,"April 2, 2023",28499
3014,"April 3, 2023",28237
3015,"April 4, 2023",27815
3016,"April 5, 2023",28175
3017,"April 6, 2023",28197
3018,"April 7, 2023",28043
3019,"April 8, 2023",27934
3020,"April 9, 2023",27968
3021,"April 10, 2023",28351
3022,"April 11, 2023",29658
3023,"April 12, 2023",30261
3024,"April 13, 2023",29904
3025,"April 14, 2023",30405
3026,"April 15, 2023",30468
3027,"April 16, 2023",30312
3028,"April 17, 2023",30305
3029,"April 18, 2023",29467
3030,"April 19, 2023",30366
3031,"April 20, 2023",28833
3032,"April 21, 2023",28256
3033,"April 22, 2023",27300
3034,"April 23, 2023",27862
3035,"April 24, 2023",27607
3036,"April 25, 2023",27512
3037,"April 26, 2023",28351
3038,"April 27, 2023",28352
3039,"April 28, 2023",29484
3040,"April 29, 2023",29340
3041,"April 30, 2023",29218
3042,"may 1, 2023",29362
3043,"may 2, 2023",28126
3044,"may 3, 2023",28654
3045,"may 4, 2023",28988
3046,"may 5, 2023",28846
3047,"may 6, 2023",29520
3048,"may 7, 2023",28888
3049,"may 8, 2023",28611
3050,"may 9, 2023",27697
3051,"may 10, 2023",27607
3052,"may 11, 2023",27640
3053,"may 12, 2023",27025
3054,"may 13, 2023",26788
3055,"may 14, 2023",26798
3056,"may 15, 2023",26912
3057,"may 16, 2023",27228
3058,"may 17, 2023",27023
3059,"may 18, 2023",27390
3060,"may 19, 2023",26843
3061,"may 20, 2023",26884
3062,"may 21, 2023",27094
3063,"may 22, 2023",26774
3064,"may 23, 2023",26870
3065,"may 24, 2023",27223
3066,"may 25, 2023",26339
3067,"may 26, 2023",26476
3068,"may 27, 2023",26718
3069,"may 28, 2023",26848
3070,"may 29, 2023",28110
3071,"may 30, 2023",27760
3072,"may 31, 2023",27714
3073,"June 1, 2023",27245
3074,"June 2, 2023",26824
3075,"June 3, 2023",27248
3076,"June 4, 2023",27066
3077,"June 5, 2023",27315
3078,"June 6, 2023",25793
3079,"June 7, 2023",27217
3080,"June 8, 2023",26346
3081,"June 9, 2023",26508
3082,"June 10, 2023",26470
3083,"June 11, 2023",25858
3084,"June 12, 2023",25917
3085,"June 13, 2023",25910
3086,"June 14, 2023",25872
3087,"June 15, 2023",25108
3088,"June 16, 2023",25565
3089,"June 17, 2023",26327
3090,"June 18, 2023",26501
3091,"June 19, 2023",26333
3092,"June 20, 2023",26779
3093,"June 21, 2023",28331
3094,"June 22, 2023",30102
3095,"June 23, 2023",29936
3096,"June 24, 2023",30629
3097,"June 25, 2023",30538
3098,"June 26, 2023",30455
3099,"June 27, 2023",30286
3100,"June 28, 2023",30694
3101,"June 29, 2023",30083
3102,"June 30, 2023",30467
3103,"July 1, 2023",30481
3104,"July 2, 2023",30584
3105,"July 3, 2023",30572
3106,"July 4, 2023",31135
3107,"July 5, 2023",30776
3108,"July 6, 2023",30485
3109,"July 7, 2023",29990
3110,"July 8, 2023",30315
3111,"July 9, 2023",30264
3112,"July 10, 2023",30170
3113,"July 11, 2023",30394
3114,"July 12, 2023",30621
3115,"July 13, 2023",30407
3116,"July 14, 2023",31446
3117,"July 15, 2023",30312
3118,"July 16, 2023",30298
3119,"July 17, 2023",30237
3120,"July 18, 2023",30148
3121,"July 19, 2023",29848
3122,"July 20, 2023",29920
3123,"July 21, 2023",29787
3124,"July 22, 2023",29915
3125,"July 23, 2023",29710
3126,"July 24, 2023",30058
3127,"July 25, 2023",29185
3128,"July 26, 2023",29223
3129,"July 27, 2023",29364
3130,"July 28, 2023",29200
3131,"July 29, 2023",29314
3132,"July 30, 2023",29357
3133,"July 31, 2023",29278
3134,"August 1, 2023",29233
3135,"August 2, 2023",29537
3136,"August 3, 2023",29147
3137,"August 4, 2023",29176
3138,"August 5, 2023",29088
3139,"August 6, 2023",29047
3140,"August 7, 2023",29044
3141,"August 8, 2023",29178
3142,"August 9, 2023",29780
3143,"August 10, 2023",29585
3144,"August 11, 2023",29424
3145,"August 12, 2023",29397
3146,"August 13, 2023",29412
3147,"August 14, 2023",29285
3148,"August 15, 2023",29401
3149,"August 16, 2023",29170
3150,"August 17, 2023",28754
3151,"August 18, 2023",26502
3152,"August 19, 2023",26043
3153,"August 20, 2023",26105
3154,"August 21, 2023",26161
3155,"August 22, 2023",26119
3156,"August 23, 2023",26034
3157,"August 24, 2023",26450
3158,"August 25, 2023",26135
3159,"August 26, 2023",26044
3160,"August 27, 2023",26002
3161,"August 28, 2023",26083
3162,"August 29, 2023",26109
3163,"August 30, 2023",27731
3164,"August 31, 2023",27297
3165,"September 1, 2023",25927
3166,"September 2, 2023",25812
3167,"September 3, 2023",25854
3168,"September 4, 2023",25960
3169,"September 5, 2023",25829
3170,"September 6, 2023",25784
3171,"September 7, 2023",25753
3172,"September 8, 2023",26192
3173,"September 9, 2023",25907
3174,"September 10, 2023",25889
3175,"September 11, 2023",25835
3176,"September 12, 2023",25133
3177,"September 13, 2023",25867
3178,"September 14, 2023",26223
3179,"September 15, 2023",26531
3180,"September 16, 2023",26635
3181,"September 17, 2023",26558
3182,"September 18, 2023",26521
3183,"September 19, 2023",26741
3184,"September 20, 2023",27219
3185,"September 21, 2023",27116
3186,"September 22, 2023",26561
3187,"September 23, 2023",26572
3188,"September 24, 2023",26574
3189,"September 25, 2023",26250
3190,"September 26, 2023",26299
3191,"September 27, 2023",26205
3192,"September 28, 2023",26350
3193,"September 29, 2023",27009
3194,"September 30, 2023",26917
3195,"October 1, 2023",26970
3196,"October 2, 2023",27968
3197,"October 3, 2023",27615
3198,"October 4, 2023",27439
3199,"October 5, 2023",27792
3200,"October 6, 2023",27436
3201,"October 7, 2023",27958
3202,"October 8, 2023",27978
3203,"October 9, 2023",27948
3204,"October 10, 2023",27594
3205,"October 11, 2023",27392
3206,"October 12, 2023",26842
3207,"October 13, 2023",26729
3208,"October 14, 2023",26841
3209,"October 15, 2023",26863
3210,"October 16, 2023",27150
3211,"October 17, 2023",28513
3212,"October 18, 2023",28418
3213,"October 19, 2023",28328
3214,"October 20, 2023",28716
3215,"October 21, 2023",29677
3216,"October 22, 2023",29920
3217,"October 23, 2023",30019
3218,"October 24, 2023",32953
3219,"October 25, 2023",33847
3220,"October 26, 2023",34472
3221,"October 27, 2023",34174
3222,"October 28, 2023",33899
3223,"October 29, 2023",34093
3224,"October 30, 2023",34556
3225,"October 31, 2023",34499
3226,"November 1, 2023",34672
3227,"November 2, 2023",35457
3228,"November 3, 2023",34924
3229,"November 4, 2023",34731
3230,"November 5, 2023",35048
3231,"November 6, 2023",35062
3232,"November 7, 2023",35031
3233,"November 8, 2023",35437
3234,"November 9, 2023",35795
3235,"November 10, 2023",36768
3236,"November 11, 2023",37344
3237,"November 12, 2023",37123
3238,"November 13, 2023",37068
3239,"November 14, 2023",36549
3240,"November 15, 2023",35545
3241,"November 16, 2023",37904
3242,"November 17, 2023",36202
3243,"November 18, 2023",36528
3244,"November 19, 2023",36582
3245,"November 20, 2023",37414
3246,"November 21, 2023",37489
3247,"November 22, 2023",35965
3248,"November 23, 2023",37465
3249,"November 24, 2023",37293
3250,"November 25, 2023",37739
3251,"November 26, 2023",37810
3252,"November 27, 2023",37492
3253,"November 28, 2023",37250
3254,"November 29, 2023",37802
3255,"November 30, 2023",37810
3256,"December 1, 2023",37712
3257,"December 2, 2023",38688
3258,"December 3, 2023",39482
3259,"December 4, 2023",39960
3260,"December 5, 2023",41974
3261,"December 6, 2023",44106
3262,"December 7, 2023",43788
3263,"December 8, 2023",43270
3264,"December 9, 2023",44202
3265,"December 10, 2023",43745
3266,"December 11, 2023",43758
3267,"December 12, 2023",41201
3268,"December 13, 2023",41451
3269,"December 14, 2023",42932
3270,"December 15, 2023",43010
3271,"December 16, 2023",41992
3272,"December 17, 2023",42247
3273,"December 18, 2023",41411
3274,"December 19, 2023",42684
3275,"December 20, 2023",42250
3276,"December 21, 2023",43634
3277,"December 22, 2023",43850
3278,"December 23, 2023",44004
3279,"December 24, 2023",43752
3280,"December 25, 2023",43035
3281,"December 26, 2023",43638
3282,"December 27, 2023",42516
3283,"December 28, 2023",43418
3284,"December 29, 2023",42601
3285,"December 30, 2023",42075
3286,"December 31, 2023",42221
3287,"January 1, 2024",42208
3288,"January 2, 2024",44169
3289,"January 3, 2024",44995
3290,"January 4, 2024",42822
3291,"January 5, 2024",44196
3292,"January 6, 2024",44114
3293,"January 7, 2024",43956
3294,"January 8, 2024",43884
3295,"January 9, 2024",46936
3296,"January 10, 2024",46106
3297,"January 11, 2024",46632
3298,"January 12, 2024",46314
3299,"January 13, 2024",42894
3300,"January 14, 2024",42848
3301,"January 15, 2024",41801
3302,"January 16, 2024",42587
3303,"January 17, 2024",43148
3304,"January 18, 2024",42714
3305,"January 19, 2024",41261
3306,"January 20, 2024",41601
3307,"January 21, 2024",41626
3308,"January 22, 2024",41542
3309,"January 23, 2024",39505
3310,"January 24, 2024",39833
3311,"January 25, 2024",40124
3312,"January 26, 2024",39938
3313,"January 27, 2024",41863
3314,"January 28, 2024",42120
3315,"January 29, 2024",42027
3316,"January 30, 2024",43268
3317,"January 31, 2024",42892
3318,"February 1, 2024",42583
3319,"February 2, 2024",43069
3320,"February 3, 2024",43171
3321,"February 4, 2024",42977
3322,"February 5, 2024",42599
3323,"February 6, 2024",42648
3324,"February 7, 2024",43088
3325,"February 8, 2024",44247
3326,"February 9, 2024",45338
3327,"February 10, 2024",47143
3328,"February 11, 2024",47769
3329,"February 12, 2024",48190
3330,"February 13, 2024",50050
3331,"February 14, 2024",49732
3332,"February 15, 2024",51790
3333,"February 16, 2024",51958
3334,"February 17, 2024",52166
3335,"February 18, 2024",51685
3336,"February 19, 2024",52138
3337,"February 20, 2024",51764
3338,"February 21, 2024",52287
3339,"February 22, 2024",51843
3340,"February 23, 2024",51320
3341,"February 24, 2024",50841
3342,"February 25, 2024",51553
3343,"February 26, 2024",51752
3344,"February 27, 2024",54478
3345,"February 28, 2024",57004
3346,"February 29, 2024",62559
3347,"March 1, 2024",61298
3348,"March 2, 2024",62427
3349,"March 3, 2024",62068
3350,"March 4, 2024",63053
3351,"March 5, 2024",68187
3352,"March 6, 2024",64292
3353,"March 7, 2024",66146
3354,"March 8, 2024",66945
3355,"March 9, 2024",68315
3356,"March 10, 2024",68508
3357,"March 11, 2024",69076
3358,"March 12, 2024",72131
3359,"March 13, 2024",71467
3360,"March 14, 2024",73098
3361,"March 15, 2024",71420
3362,"March 16, 2024",69498
3363,"March 17, 2024",65292
3364,"March 18, 2024",68425
3365,"March 19, 2024",67709
3366,"March 20, 2024",62133
3367,"March 21, 2024",67819
3368,"March 22, 2024",65536
3369,"March 23, 2024",63509
3370,"March 24, 2024",64286
3371,"March 25, 2024",67311
3372,"March 26, 2024",69939
3373,"March 27, 2024",70082
3374,"March 28, 2024",69436
3375,"March 29, 2024",70710
3376,"March 30, 2024",69919
3377,"March 31, 2024",69702
3378,"April 1, 2024",71247
3379,"April 2, 2024",69786
3380,"April 3, 2024",65440
3381,"April 4, 2024",66124
3382,"April 5, 2024",68542
3383,"April 6, 2024",67979
3384,"April 7, 2024",69001
3385,"April 8, 2024",69402
3386,"April 9, 2024",71624
3387,"April 10, 2024",69159
3388,"April 11, 2024",70528
3389,"April 12, 2024",70107
3390,"April 13, 2024",67252
3391,"April 14, 2024",64405
3392,"April 15, 2024",65753
3393,"April 16, 2024",63431
3394,"April 17, 2024",63721
3395,"April 18, 2024",61329
3396,"April 19, 2024",63462
3397,"April 20, 2024",63989
3398,"April 21, 2024",64894
3399,"April 22, 2024",64936
3400,"April 23, 2024",66842
3401,"April 24, 2024",66407
3402,"April 25, 2024",64280
3403,"April 26, 2024",64486
3404,"April 27, 2024",63802
3405,"April 28, 2024",63517
3406,"April 29, 2024",63030
3407,"April 30, 2024",63798
3408,"may 1, 2024",60749
3409,"may 2, 2024",58298
3410,"may 3, 2024",59135
3411,"may 4, 2024",62839
3412,"may 5, 2024",63820
3413,"may 6, 2024",64010
3414,"may 7, 2024",63172
3415,"may 8, 2024",62363
3416,"may 9, 2024",61216
3417,"may 10, 2024",63149
3418,"may 11, 2024",60888
3419,"may 12, 2024",60777
3420,"may 13, 2024",61507
3421,"may 14, 2024",62879
3422,"may 15, 2024",61569
3423,"may 16, 2024",66221
3424,"may 17, 2024",65261
3425,"may 18, 2024",67053
3426,"may 19, 2024",66913
3427,"may 20, 2024",66253
3428,"may 21, 2024",71430
3429,"may 22, 2024",70190
3430,"may 23, 2024",69181
3431,"may 24, 2024",67906
3432,"may 25, 2024",68540
3433,"may 26, 2024",69268
3434,"may 27, 2024",68509
3435,"may 28, 2024",69367
3436,"may 29, 2024",68317
3437,"may 30, 2024",67577
3438,"may 31, 2024",68372
3439,"June 1, 2024",67475
3440,"June 2, 2024",67704
3441,"June 3, 2024",67740
3442,"June 4, 2024",68808
3443,"June 5, 2024",70600
3444,"June 6, 2024",71185
3445,"June 7, 2024",70760
3446,"June 8, 2024",69325
3447,"June 9, 2024",69315
3448,"June 10, 2024",69654
3449,"June 11, 2024",69493
3450,"June 12, 2024",67329
3451,"June 13, 2024",68225
3452,"June 14, 2024",66700
3453,"June 15, 2024",66011
3454,"June 16, 2024",66190
3455,"June 17, 2024",66616
3456,"June 18, 2024",66460
3457,"June 19, 2024",65109
3458,"June 20, 2024",64907
3459,"June 21, 2024",64845
3460,"June 22, 2024",64072
3461,"June 23, 2024",64240
3462,"June 24, 2024",63221
3463,"June 25, 2024",60363
3464,"June 26, 2024",61770
3465,"June 27, 2024",60750
3466,"June 28, 2024",61563
3467,"June 29, 2024",60317
3468,"June 30, 2024",60864
