date,price
1-01-2015,314
1-02-2015,314
1-03-2015,287
1-04-2015,261
1-05-2015,273
1-06-2015,285
1-07-2015,296
1-08-2015,284
1-09-2015,290
1-10-2015,275
1-11-2015,267
1-12-2015,268
1-13-2015,221
1-14-2015,172
1-15-2015,211
1-16-2015,206
1-17-2015,199
1-18-2015,209
1-19-2015,215
1-20-2015,211
1-21-2015,224
1-22-2015,232
1-23-2015,233
1-24-2015,248
1-25-2015,254
1-26-2015,271
1-27-2015,259
1-29-2015,233
1-30-2015,229
1-31-2015,218
2-01-2015,226
2-02-2015,240
2-03-2015,226
2-04-2015,225
2-05-2015,217
2-06-2015,222
2-07-2015,227
2-08-2015,223
2-09-2015,220
2-10-2015,221
2-11-2015,219
2-12-2015,222
2-13-2015,236
2-14-2015,259
2-15-2015,233
2-16-2015,236
2-17-2015,242
2-18-2015,235
2-19-2015,240
2-20-2015,244
2-21-2015,244
2-22-2015,236
2-23-2015,238
2-24-2015,239
2-25-2015,237
2-26-2015,236
2-27-2015,254
2-28-2015,254
3-01-2015,258
3-02-2015,270
3-03-2015,281
3-04-2015,273
3-05-2015,275
3-06-2015,272
3-07-2015,276
3-08-2015,275
3-09-2015,289
3-10-2015,290
3-11-2015,296
3-12-2015,294
3-13-2015,288
3-14-2015,281
3-15-2015,285
3-16-2015,290
3-17-2015,284
3-18-2015,256
3-19-2015,260
3-20-2015,261
3-21-2015,259
3-22-2015,268
3-23-2015,266
3-24-2015,245
3-25-2015,246
3-26-2015,248
3-27-2015,247
3-28-2015,252
3-29-2015,242
3-30-2015,247
3-31-2015,243
4-01-2015,247
4-02-2015,252
4-03-2015,254
4-04-2015,253
4-05-2015,260
4-06-2015,255
4-07-2015,253
4-08-2015,244
4-09-2015,243
4-10-2015,235
4-11-2015,236
4-12-2015,236
4-13-2015,224
4-14-2015,218
4-15-2015,223
4-16-2015,228
4-17-2015,222
4-18-2015,223
4-19-2015,223
4-20-2015,224
4-21-2015,235
4-22-2015,234
4-23-2015,235
4-24-2015,231
4-25-2015,226
4-26-2015,219
4-27-2015,229
4-28-2015,226
4-29-2015,226
4-30-2015,236
5-01-2015,233
5-02-2015,235
5-03-2015,240
5-04-2015,239
5-05-2015,236
5-06-2015,230
5-07-2015,237
5-08-2015,244
5-09-2015,242
5-10-2015,240
5-11-2015,242
5-12-2015,242
5-13-2015,235
5-14-2015,237
5-15-2015,237
5-16-2015,236
5-17-2015,236
5-18-2015,232
5-19-2015,232
5-20-2015,234
5-21-2015,235
5-22-2015,241
5-23-2015,239
5-24-2015,241
5-25-2015,237
5-26-2015,237
5-27-2015,237
5-28-2015,237
5-29-2015,237
5-30-2015,233
5-31-2015,230
6-01-2015,223
6-02-2015,226
6-03-2015,225
6-04-2015,224
6-05-2015,225
6-06-2015,225
6-07-2015,224
6-08-2015,229
6-09-2015,230
6-10-2015,229
6-11-2015,230
6-12-2015,231
6-13-2015,233
6-14-2015,234
6-15-2015,237
6-16-2015,250
6-17-2015,248
6-18-2015,249
6-19-2015,243
6-20-2015,245
6-21-2015,244
6-22-2015,247
6-23-2015,244
6-24-2015,241
6-25-2015,242
6-26-2015,242
6-27-2015,251
6-28-2015,248
6-29-2015,256
6-30-2015,262
7-01-2015,258
7-02-2015,255
7-03-2015,255
7-04-2015,260
7-05-2015,271
7-06-2015,269
7-07-2015,265
7-08-2015,270
7-09-2015,269
7-10-2015,285
7-11-2015,292
7-12-2015,310
7-13-2015,291
7-14-2015,287
7-15-2015,284
7-16-2015,277
7-17-2015,278
7-18-2015,274
7-19-2015,273
7-20-2015,277
7-21-2015,275
7-22-2015,276
7-23-2015,276
7-24-2015,288
7-25-2015,288
7-26-2015,292
7-27-2015,293
7-28-2015,294
7-29-2015,289
7-30-2015,287
7-31-2015,284
8-01-2015,281
8-02-2015,282
8-03-2015,282
8-04-2015,284
8-05-2015,281
8-06-2015,278
8-07-2015,279
8-08-2015,260
8-09-2015,264
8-10-2015,264
8-11-2015,270
8-12-2015,268
8-13-2015,264
8-14-2015,265
8-15-2015,260
8-16-2015,258
8-17-2015,257
8-18-2015,253
8-19-2015,226
8-20-2015,235
8-21-2015,232
8-22-2015,229
8-23-2015,227
8-24-2015,210
8-25-2015,221
8-26-2015,225
8-27-2015,223
8-28-2015,232
8-29-2015,228
8-30-2015,228
8-31-2015,230
9-01-2015,227
9-02-2015,229
9-03-2015,227
9-04-2015,230
9-05-2015,235
9-06-2015,239
9-07-2015,241
9-08-2015,244
9-09-2015,238
9-10-2015,239
9-11-2015,240
9-12-2015,235
9-13-2015,231
9-14-2015,230
9-15-2015,230
9-16-2015,228
9-17-2015,233
9-18-2015,232
9-19-2015,231
9-20-2015,231
9-21-2015,226
9-22-2015,230
9-23-2015,230
9-24-2015,234
9-25-2015,235
9-26-2015,235
9-27-2015,233
9-28-2015,239
9-29-2015,237
9-30-2015,236
10-01-2015,238
10-02-2015,237
10-03-2015,239
10-04-2015,239
10-05-2015,240
10-06-2015,246
10-07-2015,243
10-08-2015,243
10-09-2015,244
10-10-2015,245
10-11-2015,248
10-12-2015,246
10-13-2015,249
10-14-2015,253
10-15-2015,255
10-16-2015,262
10-17-2015,270
10-18-2015,262
10-19-2015,264
10-20-2015,270
10-21-2015,267
10-22-2015,274
10-23-2015,277
10-24-2015,283
10-25-2015,285
10-26-2015,286
10-27-2015,295
10-28-2015,304
10-29-2015,314
10-30-2015,326
10-31-2015,312
11-01-2015,325
11-02-2015,351
11-03-2015,398
11-04-2015,404
11-05-2015,387
11-06-2015,373
11-07-2015,387
11-08-2015,372
11-09-2015,381
11-10-2015,337
11-11-2015,306
11-12-2015,338
11-13-2015,337
11-14-2015,332
11-15-2015,320
11-16-2015,331
11-17-2015,335
11-18-2015,335
11-19-2015,326
11-20-2015,321
11-21-2015,325
11-22-2015,323
11-23-2015,323
11-24-2015,320
11-25-2015,328
11-26-2015,356
11-27-2015,359
11-28-2015,356
11-29-2015,371
11-30-2015,378
12-01-2015,363
12-02-2015,359
12-03-2015,361
12-04-2015,363
12-05-2015,391
12-06-2015,394
12-07-2015,394
12-08-2015,413
12-09-2015,417
12-10-2015,417
12-11-2015,452
12-12-2015,435
12-13-2015,436
12-14-2015,443
12-15-2015,465
12-16-2015,454
12-17-2015,456
12-18-2015,464
12-19-2015,462
12-20-2015,441
12-21-2015,438
12-22-2015,436
12-23-2015,443
12-24-2015,455
12-25-2015,456
12-26-2015,417
12-27-2015,424
12-28-2015,421
12-29-2015,432
12-30-2015,427
12-31-2015,431
1-01-2016,434
1-02-2016,434
1-03-2016,430
1-04-2016,434
1-05-2016,432
1-06-2016,431
1-07-2016,456
1-08-2016,455
1-09-2016,449
1-10-2016,447
1-11-2016,448
1-12-2016,446
1-13-2016,432
1-14-2016,429
1-15-2016,366
1-16-2016,385
1-17-2016,386
1-18-2016,385
1-19-2016,379
1-20-2016,419
1-21-2016,408
1-22-2016,377
1-23-2016,390
1-24-2016,403
1-25-2016,392
1-26-2016,392
1-27-2016,394
1-28-2016,380
1-29-2016,379
1-30-2016,377
1-31-2016,364
2-01-2016,371
2-02-2016,373
2-03-2016,368
2-04-2016,388
2-05-2016,386
2-06-2016,375
2-07-2016,376
2-08-2016,371
2-09-2016,374
2-10-2016,380
2-11-2016,377
2-12-2016,383
2-13-2016,390
2-14-2016,404
2-15-2016,399
2-16-2016,407
2-17-2016,417
2-18-2016,421
2-19-2016,419
2-20-2016,441
2-21-2016,439
2-22-2016,438
2-23-2016,420
2-24-2016,423
2-25-2016,423
2-26-2016,427
2-27-2016,432
2-28-2016,433
2-29-2016,437
3-01-2016,431
3-02-2016,424
3-03-2016,420
3-04-2016,409
3-05-2016,397
3-06-2016,405
3-07-2016,414
3-08-2016,412
3-09-2016,412
3-10-2016,416
3-11-2016,419
3-12-2016,411
3-13-2016,412
3-14-2016,415
3-15-2016,416
3-16-2016,417
3-17-2016,418
3-18-2016,408
3-19-2016,407
3-20-2016,412
3-21-2016,411
3-22-2016,416
3-23-2016,418
3-24-2016,415
3-25-2016,416
3-26-2016,417
3-27-2016,425
3-28-2016,423
3-29-2016,416
3-30-2016,413
3-31-2016,415
4-01-2016,417
4-02-2016,420
4-03-2016,418
4-04-2016,419
4-05-2016,423
4-06-2016,422
4-07-2016,421
4-08-2016,418
4-09-2016,416
4-10-2016,421
4-11-2016,423
4-12-2016,426
4-13-2016,424
4-14-2016,425
4-15-2016,430
4-16-2016,431
4-17-2016,428
4-18-2016,429
4-19-2016,436
4-20-2016,442
4-21-2016,451
4-22-2016,447
4-23-2016,452
4-24-2016,460
4-25-2016,460
4-26-2016,468
4-27-2016,445
4-28-2016,449
4-29-2016,457
4-30-2016,448
5-01-2016,453
5-02-2016,444
5-03-2016,45
5-04-2016,447
5-05-2016,449
5-06-2016,462
5-07-2016,459
5-08-2016,459
5-09-2016,462
5-10-2016,450
5-11-2016,452
5-12-2016,455
5-13-2016,456
5-14-2016,456
5-15-2016,458
5-16-2016,455
5-17-2016,452
5-18-2016,453
5-19-2016,441
5-20-2016,442
5-21-2016,443
5-22-2016,439
5-23-2016,443
5-24-2016,446
5-25-2016,449
5-26-2016,454
5-27-2016,474
5-28-2016,529
5-29-2016,525
5-30-2016,534
5-31-2016,531
6-01-2016,539
6-02-2016,539
6-03-2016,570
6-04-2016,574
6-05-2016,574
6-06-2016,586
6-07-2016,578
6-08-2016,583
6-09-2016,578
6-10-2016,579
6-11-2016,598
6-12-2016,672
6-13-2016,704
6-14-2016,686
6-15-2016,693
6-16-2016,765
6-17-2016,749
6-18-2016,757
6-19-2016,764
6-20-2016,734
6-21-2016,665
6-22-2016,592
6-23-2016,623
6-24-2016,661
6-25-2016,666
6-26-2016,629
6-27-2016,648
6-28-2016,647
6-29-2016,637
6-30-2016,672
7-01-2016,678
7-02-2016,693
7-03-2016,665
7-04-2016,679
7-05-2016,668
7-06-2016,676
7-07-2016,639
7-08-2016,666
7-09-2016,654
7-10-2016,650
7-11-2016,649
7-12-2016,671
7-13-2016,658
7-14-2016,660
7-15-2016,666
7-16-2016,664
7-17-2016,678
7-18-2016,675
7-19-2016,675
7-20-2016,671
7-21-2016,665
7-22-2016,651
7-23-2016,655
7-24-2016,661
7-25-2016,655
7-26-2016,651
7-27-2016,656
7-28-2016,656
7-29-2016,657
7-30-2016,655
7-31-2016,624
8-01-2016,606
8-02-2016,517
8-03-2016,567
8-04-2016,577
8-05-2016,576
8-06-2016,588
8-07-2016,593
8-08-2016,591
8-09-2016,585
8-10-2016,592
8-11-2016,588
8-12-2016,587
8-13-2016,584
8-14-2016,571
8-15-2016,568
8-16-2016,578
8-17-2016,571
8-18-2016,572
8-19-2016,573
8-20-2016,582
8-21-2016,581
8-22-2016,585
8-23-2016,582
8-24-2016,578
8-25-2016,576
8-26-2016,578
8-27-2016,569
8-28-2016,574
8-29-2016,573
8-30-2016,576
8-31-2016,572
9-01-2016,572
9-02-2016,574
9-03-2016,596
9-04-2016,609
9-05-2016,607
9-06-2016,611
9-07-2016,614
9-08-2016,625
9-09-2016,622
9-10-2016,623
9-11-2016,605
9-12-2016,606
9-13-2016,607
9-14-2016,608
9-15-2016,606
9-16-2016,607
9-17-2016,605
9-18-2016,609
9-19-2016,609
9-20-2016,608
9-21-2016,596
9-22-2016,595
9-23-2016,602
9-24-2016,601
9-25-2016,599
9-26-2016,606
9-27-2016,604
9-28-2016,604
9-29-2016,605
9-30-2016,608
10-01-2016,614
10-02-2016,610
10-03-2016,612
10-04-2016,609
10-05-2016,612
10-06-2016,611
10-07-2016,616
10-08-2016,617
10-09-2016,615
10-10-2016,614
10-11-2016,64
10-12-2016,636
10-13-2016,635
10-14-2016,638
10-15-2016,637
10-16-2016,640
10-17-2016,637
10-18-2016,635
10-19-2016,628
10-20-2016,629
10-21-2016,630
10-22-2016,652
10-23-2016,650
10-24-2016,649
10-25-2016,653
10-26-2016,673
10-27-2016,683
10-28-2016,688
10-29-2016,715
10-30-2016,697
10-31-2016,699
11-01-2016,729
11-02-2016,734
11-03-2016,686
11-04-2016,702
11-05-2016,704
11-06-2016,712
11-07-2016,706
11-08-2016,709
11-09-2016,721
11-10-2016,713
11-11-2016,716
11-12-2016,704
11-13-2016,702
11-14-2016,706
11-15-2016,712
11-16-2016,741
11-17-2016,738
11-18-2016,748
11-19-2016,750
11-20-2016,728
11-21-2016,737
11-22-2016,748
11-23-2016,741
11-24-2016,737
11-25-2016,738
11-26-2016,733
11-27-2016,728
11-28-2016,732
11-29-2016,732
11-30-2016,742
12-01-2016,753
12-02-2016,771
12-03-2016,765
12-04-2016,766
12-05-2016,752
12-06-2016,759
12-07-2016,764
12-08-2016,769
12-09-2016,770
12-10-2016,773
12-11-2016,768
12-12-2016,778
12-13-2016,778
12-14-2016,776
12-15-2016,776
12-16-2016,781
12-17-2016,789
12-18-2016,788
12-19-2016,790
12-20-2016,800
12-21-2016,827
12-22-2016,859
12-23-2016,917
12-24-2016,892
12-25-2016,894
12-26-2016,903
12-27-2016,929
12-28-2016,977
12-29-2016,972
12-30-2016,961
12-31-2016,967
1-01-2017,998
1-02-2017,1019
1-03-2017,1036
1-04-2017,1131
1-05-2017,991
1-06-2017,894
1-07-2017,900
1-08-2017,908
1-09-2017,902
1-10-2017,906
1-11-2017,784
1-12-2017,799
1-13-2017,824
1-14-2017,818
1-15-2017,822
1-16-2017,828
1-17-2017,904
1-18-2017,874
1-19-2017,897
1-20-2017,891
1-21-2017,920
1-22-2017,919
1-23-2017,919
1-24-2017,886
1-25-2017,893
1-26-2017,915
1-27-2017,918
1-28-2017,920
1-29-2017,914
1-30-2017,921
1-31-2017,968
2-01-2017,987
2-02-2017,1008
2-03-2017,1015
2-04-2017,1034
2-05-2017,1017
2-06-2017,1025
2-07-2017,1052
2-08-2017,1055
2-09-2017,982
2-10-2017,992
2-11-2017,1011
2-12-2017,1001
2-13-2017,996
2-14-2017,1010
2-15-2017,1009
2-16-2017,1035
2-17-2017,1057
2-18-2017,1059
2-19-2017,1054
2-20-2017,1082
2-21-2017,1125
2-22-2017,1123
2-23-2017,1186
2-24-2017,1181
2-25-2017,1149
2-26-2017,1181
2-27-2017,1193
2-28-2017,1190
3-01-2017,1227
3-02-2017,1262
3-03-2017,1290
3-04-2017,1269
3-05-2017,1276
3-06-2017,1281
3-07-2017,1233
3-08-2017,1150
3-09-2017,1191
3-10-2017,1100
3-11-2017,1181
3-12-2017,1231
3-13-2017,1243
3-14-2017,1247
3-15-2017,1258
3-16-2017,1217
3-17-2017,1074
3-18-2017,962
3-19-2017,1023
3-20-2017,1036
3-21-2017,1113
3-22-2017,1040
3-23-2017,1029
3-24-2017,940
3-25-2017,965
3-26-2017,954
3-27-2017,1043
3-28-2017,1045
3-29-2017,1039
3-30-2017,1031
3-31-2017,1078
4-01-2017,1085
4-02-2017,1098
4-03-2017,1139
4-04-2017,1140
4-05-2017,1132
4-06-2017,1194
4-07-2017,1190
4-08-2017,1182
4-09-2017,1188
4-10-2017,1211
4-11-2017,1227
4-12-2017,1218
4-13-2017,1174
4-14-2017,1184
4-15-2017,1180
4-16-2017,1186
4-17-2017,1205
4-18-2017,1218
4-19-2017,1226
4-20-2017,1254
4-21-2017,1255
4-22-2017,1250
4-23-2017,1248
4-24-2017,1250
4-25-2017,1263
4-26-2017,1287
4-27-2017,1331
4-28-2017,1321
4-29-2017,1328
4-30-2017,1350
5-01-2017,1408
5-02-2017,1442
5-03-2017,1486
5-04-2017,1499
5-05-2017,1506
5-06-2017,1548
5-07-2017,1558
5-08-2017,1633
5-09-2017,1700
5-10-2017,1747
5-11-2017,1809
5-12-2017,1701
5-13-2017,1752
5-14-2017,1768
5-15-2017,1696
5-16-2017,1716
5-17-2017,1804
5-18-2017,1889
5-19-2017,1973
5-20-2017,2043
5-21-2017,2054
5-22-2017,2109
5-23-2017,2293
5-24-2017,2448
5-25-2017,2367
5-26-2017,2262
5-27-2017,2083
5-28-2017,2219
5-29-2017,2286
5-30-2017,2168
5-31-2017,2329
6-01-2017,2436
6-02-2017,2514
6-03-2017,2563
6-04-2017,2556
6-05-2017,2722
6-06-2017,2903
6-07-2017,2716
6-08-2017,2824
6-09-2017,2817
6-10-2017,2937
6-11-2017,3014
6-12-2017,2701
6-13-2017,2736
6-14-2017,2503
6-15-2017,2444
6-16-2017,2514
6-17-2017,2684
6-18-2017,2577
6-19-2017,2620
6-20-2017,2778
6-21-2017,2717
6-22-2017,2725
6-23-2017,2738
6-24-2017,2618
6-25-2017,2607
6-26-2017,2488
6-27-2017,2531
6-28-2017,2575
6-29-2017,2562
6-30-2017,2491
7-01-2017,2440
7-02-2017,2519
7-03-2017,2577
7-04-2017,2611
7-05-2017,2607
7-06-2017,2613
7-07-2017,2509
7-08-2017,2563
7-09-2017,2519
7-10-2017,2364
7-11-2017,2354
7-12-2017,2387
7-13-2017,2364
7-14-2017,2229
7-15-2017,2033
7-16-2017,1927
7-17-2017,2181
7-18-2017,2304
7-19-2017,2275
7-20-2017,2767
7-21-2017,2658
7-22-2017,2802
7-23-2017,2732
7-24-2017,2751
7-25-2017,2564
7-26-2017,2507
7-27-2017,2649
7-28-2017,2799
7-29-2017,2720
7-30-2017,2740
7-31-2017,2871
8-01-2017,2738
8-02-2017,2698
8-03-2017,2777
8-04-2017,2846
8-05-2017,3237
8-06-2017,3190
8-07-2017,3357
8-08-2017,3410
8-09-2017,3331
8-10-2017,3368
8-11-2017,3563
8-12-2017,3800
8-13-2017,4023
8-14-2017,4176
8-15-2017,4149
8-16-2017,4263
8-17-2017,4287
8-18-2017,4098
8-19-2017,4115
8-20-2017,4001
8-21-2017,3935
8-22-2017,4008
8-23-2017,4069
8-24-2017,4167
8-25-2017,4200
8-26-2017,4124
8-27-2017,4116
8-28-2017,4216
8-29-2017,4394
8-30-2017,4554
8-31-2017,4703
9-01-2017,4863
9-02-2017,4557
9-03-2017,4632
9-04-2017,4317
9-05-2017,4448
9-06-2017,4592
9-07-2017,4585
9-08-2017,4285
9-09-2017,4246
9-10-2017,4133
9-11-2017,4165
9-12-2017,4131
9-13-2017,3884
9-14-2017,3101
9-15-2017,3588
9-16-2017,3606
9-17-2017,3553
9-18-2017,4012
9-19-2017,3899
9-20-2017,3858
9-21-2017,3628
9-22-2017,3622
9-23-2017,3763
9-24-2017,3672
9-25-2017,3867
9-26-2017,3853
9-27-2017,4134
9-28-2017,4135
9-29-2017,4130
9-30-2017,4298
10-01-2017,4348
10-02-2017,4383
10-03-2017,4319
10-04-2017,4231
10-05-2017,4290
10-06-2017,4348
10-07-2017,4405
10-08-2017,4562
10-09-2017,4759
10-10-2017,4769
10-11-2017,4808
10-12-2017,5332
10-13-2017,5610
10-14-2017,5679
10-15-2017,5684
10-16-2017,5729
10-17-2017,5644
10-18-2017,5593
10-19-2017,5696
10-20-2017,5953
10-21-2017,6044
10-22-2017,6003
10-23-2017,5960
10-24-2017,5550
10-25-2017,5705
10-26-2017,5883
10-27-2017,5776
10-28-2017,5734
10-29-2017,6124
10-30-2017,6104
10-31-2017,6369
11-01-2017,6715
11-02-2017,7060
11-03-2017,7235
11-04-2017,7391
11-05-2017,7416
11-06-2017,7103
11-07-2017,7167
11-08-2017,7462
11-09-2017,7186
11-10-2017,6657
11-11-2017,6365
11-12-2017,5867
11-13-2017,6423
11-14-2017,6652
11-15-2017,7298
11-16-2017,7815
11-17-2017,7784
11-18-2017,7828
11-19-2017,8011
11-20-2017,8221
11-21-2017,8114
11-22-2017,8257
11-23-2017,8118
11-24-2017,8278
11-25-2017,8743
11-26-2017,9343
11-27-2017,9831
11-28-2017,10257
11-29-2017,9876
11-30-2017,10406
12-01-2017,10996
12-02-2017,11163
12-03-2017,11257
12-04-2017,11635
12-05-2017,12174
12-06-2017,13876
12-07-2017,18491
12-08-2017,16908
12-09-2017,15266
12-10-2017,15809
12-11-2017,17107
12-12-2017,17250
12-13-2017,16525
12-14-2017,16865
12-15-2017,17979
12-16-2017,19665
12-17-2017,19424
12-18-2017,19188
12-19-2017,18174
12-20-2017,17060
12-21-2017,16355
12-22-2017,14085
12-23-2017,15242
12-24-2017,14451
12-25-2017,14303
12-26-2017,16617
12-27-2017,16373
12-28-2017,15068
12-29-2017,15097
12-30-2017,13620
12-31-2017,14840
1-01-2018,14094
1-02-2018,15322
1-03-2018,15584
1-04-2018,15976
1-05-2018,18337
1-06-2018,18344
1-07-2018,17040
1-08-2018,15900
1-09-2018,15605
1-10-2018,15509
1-11-2018,14051
1-12-2018,14759
1-13-2018,15193
1-14-2018,14477
1-15-2018,14412
1-16-2018,11724
1-17-2018,11415
1-18-2018,11569
1-19-2018,11758
1-20-2018,13260
1-21-2018,11704
1-22-2018,10992
1-23-2018,10894
1-24-2018,11277
1-25-2018,11225
1-26-2018,11045
1-27-2018,11456
1-28-2018,11666
1-29-2018,11158
1-30-2018,11095
1-31-2018,9990
2-01-2018,10114
2-02-2018,9071
2-03-2018,8830
2-04-2018,8995
2-05-2018,8316
2-06-2018,6852
2-07-2018,7711
2-08-2018,7612
2-09-2018,8209
2-10-2018,8651
2-11-2018,8575
2-12-2018,8169
2-13-2018,8911
2-14-2018,8518
2-15-2018,9428
2-16-2018,10113
2-17-2018,10155
2-18-2018,11007
2-19-2018,10523
2-20-2018,11103
2-21-2018,11502
2-22-2018,9974
2-23-2018,10033
2-24-2018,10302
2-25-2018,9743
2-26-2018,9700
2-27-2018,10356
2-28-2018,10709
3-01-2018,10347
3-02-2018,10860
3-03-2018,11098
3-04-2018,11356
3-05-2018,11287
3-06-2018,11526
3-07-2018,10728
3-08-2018,10000
3-09-2018,9421
3-10-2018,9276
3-11-2018,8891
3-12-2018,9512
3-13-2018,9233
3-14-2018,9217
3-15-2018,8307
3-16-2018,8359
3-17-2018,8520
3-18-2018,8063
3-19-2018,8218
3-20-2018,8641
3-21-2018,8927
3-22-2018,8970
3-23-2018,8736
3-24-2018,8825
3-25-2018,8621
3-26-2018,8479
3-27-2018,8186
3-28-2018,7837
3-29-2018,7931
3-30-2018,7127
3-31-2018,6897
4-01-2018,6975
4-02-2018,6837
4-03-2018,7080
4-04-2018,7464
4-05-2018,6845
4-06-2018,6855
4-07-2018,6629
4-08-2018,6884
4-09-2018,6985
4-10-2018,6778
4-11-2018,6829
4-12-2018,6925
4-13-2018,7836
4-14-2018,7846
4-15-2018,7898
4-16-2018,8258
4-17-2018,8031
4-18-2018,7874
4-19-2018,8097
4-20-2018,8277
4-21-2018,8499
4-22-2018,8878
4-23-2018,8769
4-24-2018,8881
4-25-2018,9716
4-26-2018,8825
4-27-2018,9222
4-28-2018,8940
4-29-2018,9250
4-30-2018,9326
5-01-2018,9198
5-02-2018,9024
5-03-2018,9123
5-04-2018,9551
5-05-2018,9635
5-06-2018,9766
5-07-2018,9584
5-08-2018,9308
5-09-2018,9150
5-10-2018,9249
5-11-2018,8970
5-12-2018,8406
5-13-2018,8481
5-14-2018,8684
5-15-2018,8697
5-16-2018,8473
5-17-2018,8343
5-18-2018,8056
5-19-2018,8203
5-20-2018,8181
5-21-2018,8443
5-22-2018,8355
5-23-2018,8009
5-24-2018,7556
5-25-2018,7563
5-26-2018,7472
5-27-2018,7329
5-28-2018,7327
5-29-2018,7111
5-30-2018,7451
5-31-2018,7381
6-01-2018,7460
6-02-2018,7487
6-03-2018,7568
6-04-2018,7640
6-05-2018,7464
6-06-2018,7569
6-07-2018,7606
6-08-2018,7614
6-09-2018,7561
6-10-2018,7415
6-11-2018,6767
6-12-2018,6880
6-13-2018,6582
6-14-2018,6334
6-15-2018,6645
6-16-2018,6407
6-17-2018,6479
6-18-2018,6419
6-19-2018,6678
6-20-2018,6709
6-21-2018,6714
6-22-2018,6691
6-23-2018,6089
6-24-2018,6169
6-25-2018,6160
6-26-2018,6242
6-27-2018,6070
6-28-2018,6117
6-29-2018,5880
6-30-2018,6182
7-01-2018,6366
7-02-2018,6313
7-03-2018,6596
7-04-2018,6498
7-05-2018,6563
7-06-2018,6538
7-07-2018,6603
7-08-2018,6760
7-09-2018,6701
7-10-2018,6648
7-11-2018,6303
7-12-2018,6373
7-13-2018,6231
7-14-2018,6248
7-15-2018,6246
7-16-2018,6350
7-17-2018,6742
7-18-2018,7303
7-19-2018,7335
7-20-2018,7443
7-21-2018,7332
7-22-2018,7379
7-23-2018,7396
7-24-2018,7705
7-25-2018,8422
7-26-2018,8145
7-27-2018,7929
7-28-2018,8145
7-29-2018,8192
7-30-2018,8198
7-31-2018,8186
8-01-2018,7738
8-02-2018,7612
8-03-2018,7541
8-04-2018,7412
8-05-2018,7009
8-06-2018,7037
8-07-2018,6926
8-08-2018,6712
8-09-2018,6260
8-10-2018,6531
8-11-2018,6167
8-12-2018,6205
8-13-2018,6318
8-14-2018,6284
8-15-2018,6212
8-16-2018,6268
8-17-2018,6309
8-18-2018,6567
8-19-2018,6382
8-20-2018,6475
8-21-2018,6243
8-22-2018,6467
8-23-2018,6337
8-24-2018,6521
8-25-2018,6684
8-26-2018,6736
8-27-2018,6728
8-28-2018,6911
8-29-2018,7076
8-30-2018,7047
8-31-2018,7024
9-01-2018,7028
9-02-2018,7211
9-03-2018,7305
9-04-2018,7261
9-05-2018,7359
9-06-2018,6765
9-07-2018,6498
9-08-2018,6398
9-09-2018,6181
9-10-2018,6261
9-11-2018,6308
9-12-2018,6279
9-13-2018,6331
9-14-2018,6486
9-15-2018,6500
9-16-2018,6530
9-17-2018,6506
9-18-2018,6250
9-19-2018,6347
9-20-2018,6384
9-21-2018,6492
9-22-2018,6754
9-23-2018,6747
9-24-2018,6711
9-25-2018,6596
9-26-2018,6441
9-27-2018,6463
9-28-2018,6705
9-29-2018,6635
9-30-2018,6606
10-01-2018,6626
10-02-2018,6599
10-03-2018,6525
10-04-2018,6499
10-05-2018,6579
10-06-2018,6621
10-07-2018,6589
10-08-2018,6585
10-09-2018,6653
10-10-2018,6634
10-11-2018,6582
10-12-2018,6234
10-13-2018,6286
10-14-2018,6315
10-15-2018,6329
10-16-2018,6660
10-17-2018,6635
10-18-2018,6636
10-19-2018,6518
10-20-2018,6484
10-21-2018,6533
10-22-2018,6530
10-23-2018,6513
10-24-2018,6473
10-25-2018,6481
10-26-2018,6458
10-27-2018,6469
10-28-2018,6457
10-29-2018,6481
10-30-2018,6293
10-31-2018,6332
11-01-2018,6367
11-02-2018,6380
11-03-2018,6425
11-04-2018,6388
11-05-2018,6351
11-06-2018,6415
11-07-2018,6475
11-08-2018,6575
11-09-2018,6490
11-10-2018,6414
11-11-2018,6430
11-12-2018,6434
11-13-2018,6411
11-14-2018,6394
11-15-2018,5789
11-16-2018,5687
11-17-2018,5610
11-18-2018,5599
11-19-2018,5639
11-20-2018,4889
11-21-2018,4451
11-22-2018,4613
11-23-2018,4307
11-24-2018,4377
11-25-2018,3896
11-26-2018,4040
11-27-2018,3812
11-28-2018,3833
11-29-2018,4267
11-30-2018,4279
12-01-2018,4010
12-02-2018,4190
12-03-2018,4125
12-04-2018,3879
12-05-2018,3944
12-06-2018,3752
12-07-2018,3467
12-08-2018,3409
12-09-2018,3425
12-10-2018,3551
12-11-2018,3434
12-12-2018,3379
12-13-2018,3438
12-14-2018,3295
12-15-2018,3217
12-16-2018,3222
12-17-2018,3217
12-18-2018,3506
12-19-2018,3656
12-20-2018,3688
12-21-2018,4065
12-22-2018,3846
12-23-2018,3961
12-24-2018,3942
12-25-2018,4022
12-26-2018,3759
12-27-2018,3782
12-28-2018,3588
12-29-2018,3854
12-30-2018,3778
12-31-2018,3810
1-01-2019,3693
1-02-2019,3794
1-03-2019,3872
1-04-2019,3777
1-05-2019,3815
1-06-2019,3787
1-07-2019,4014
1-08-2019,3990
1-09-2019,3974
1-10-2019,3982
1-11-2019,3624
1-12-2019,3633
1-13-2019,3598
1-14-2019,3496
1-15-2019,3648
1-16-2019,3568
1-17-2019,3598
1-18-2019,3621
1-19-2019,3598
1-20-2019,3675
1-21-2019,3539
1-22-2019,3531
1-23-2019,3571
1-24-2019,3556
1-25-2019,3566
1-26-2019,3565
1-27-2019,3564
1-28-2019,3553
1-29-2019,3432
1-30-2019,3413
1-31-2019,3458
2-01-2019,3432
2-02-2019,3464
2-03-2019,3487
2-04-2019,3454
2-05-2019,3464
2-06-2019,3470
2-07-2019,3406
2-08-2019,3394
2-09-2019,3664
2-10-2019,3667
2-11-2019,3676
2-12-2019,3631
2-13-2019,3634
2-14-2019,3610
2-15-2019,3590
2-16-2019,3601
2-17-2019,3623
2-18-2019,3665
2-19-2019,3887
2-20-2019,3915
2-21-2019,3977
2-22-2019,3935
2-23-2019,3974
2-24-2019,4115
2-25-2019,3743
2-26-2019,3825
2-27-2019,3809
2-28-2019,3813
3-01-2019,3816
3-02-2019,3816
3-03-2019,3820
3-04-2019,3807
3-05-2019,3713
3-06-2019,3852
3-07-2019,3861
3-08-2019,3872
3-09-2019,3862
3-10-2019,3942
3-11-2019,3924
3-12-2019,3860
3-13-2019,3876
3-14-2019,3866
3-15-2019,3877
3-16-2019,3925
3-17-2019,4008
3-18-2019,3981
3-19-2019,3987
3-20-2019,4014
3-21-2019,4046
3-22-2019,3983
3-23-2019,3989
3-24-2019,4009
3-25-2019,3993
3-26-2019,3928
3-27-2019,3939
3-28-2019,4036
3-29-2019,4028
3-30-2019,4103
3-31-2019,4104
4-01-2019,4104
4-02-2019,4146
4-03-2019,4862
4-04-2019,4956
4-05-2019,4899
4-06-2019,5015
4-07-2019,5042
4-08-2019,5177
4-09-2019,5267
4-10-2019,5172
4-11-2019,5309
4-12-2019,5048
4-13-2019,5082
4-14-2019,5073
4-15-2019,5149
4-16-2019,5040
4-17-2019,5214
4-18-2019,5219
4-19-2019,5275
4-20-2019,5280
4-21-2019,5308
4-22-2019,5311
4-23-2019,5381
4-24-2019,5558
4-25-2019,5452
4-26-2019,5203
4-27-2019,5296
4-28-2019,5257
4-29-2019,5258
4-30-2019,5200
5-01-2019,5293
5-02-2019,5355
5-03-2019,5451
5-04-2019,5731
5-05-2019,5804
5-06-2019,5749
5-07-2019,5716
5-08-2019,5841
5-09-2019,5958
5-10-2019,6168
5-11-2019,6370
5-12-2019,7258
5-13-2019,6954
5-14-2019,7806
5-15-2019,7990
5-16-2019,8192
5-17-2019,7876
5-18-2019,7343
5-19-2019,7301
5-20-2019,8169
5-21-2019,7977
5-22-2019,7958
5-23-2019,7666
5-24-2019,7862
5-25-2019,7977
5-26-2019,8038
5-27-2019,8631
5-28-2019,8816
5-29-2019,8727
5-30-2019,8651
5-31-2019,8311
6-01-2019,8576
6-02-2019,8554
6-03-2019,8744
6-04-2019,8174
6-05-2019,7684
6-06-2019,7812
6-07-2019,7821
6-08-2019,8036
6-09-2019,7943
6-10-2019,7668
6-11-2019,8003
6-12-2019,7898
6-13-2019,8145
6-14-2019,8228
6-15-2019,8672
6-16-2019,8819
6-17-2019,8979
6-18-2019,9313
6-19-2019,9094
6-20-2019,9286
6-21-2019,9548
6-22-2019,10118
6-23-2019,10705
6-24-2019,10846
6-25-2019,11046
6-26-2019,11808
6-27-2019,12996
6-28-2019,11179
6-29-2019,12352
6-30-2019,11973
7-01-2019,10888
7-02-2019,10639
7-03-2019,10823
7-04-2019,11976
7-05-2019,11230
7-06-2019,10987
7-07-2019,11279
7-08-2019,11436
7-09-2019,12260
7-10-2019,12544
7-11-2019,12166
7-12-2019,11385
7-13-2019,11805
7-14-2019,11419
7-15-2019,10285
7-16-2019,10911
7-17-2019,9539
7-18-2019,9657
7-19-2019,10636
7-20-2019,10537
7-21-2019,10774
7-22-2019,10607
7-23-2019,10343
7-24-2019,9936
7-25-2019,9799
7-26-2019,9878
7-27-2019,9846
7-28-2019,9448
7-29-2019,9535
7-30-2019,9511
7-31-2019,9568
8-01-2019,10063
8-02-2019,10361
8-03-2019,10529
8-04-2019,10791
8-05-2019,10952
8-06-2019,11819
8-07-2019,11510
8-08-2019,11971
8-09-2019,12024
8-10-2019,11853
8-11-2019,11328
8-12-2019,11550
8-13-2019,11381
8-14-2019,10904
8-15-2019,10016
8-16-2019,10296
8-17-2019,10325
8-18-2019,10224
8-19-2019,10310
8-20-2019,10896
8-21-2019,10744
8-22-2019,10124
8-23-2019,10128
8-24-2019,10386
8-25-2019,10145
8-26-2019,10090
8-27-2019,10335
8-28-2019,10168
8-29-2019,9753
8-30-2019,9485
8-31-2019,9589
9-01-2019,9607
9-02-2019,9729
9-03-2019,10323
9-04-2019,10620
9-05-2019,10574
9-06-2019,10570
9-07-2019,10351
9-08-2019,10462
9-09-2019,10404
9-10-2019,10322
9-11-2019,10121
9-12-2019,10151
9-13-2019,10401
9-14-2019,10356
9-15-2019,10350
9-16-2019,10306
9-17-2019,10268
9-18-2019,10203
9-19-2019,10159
9-20-2019,10253
9-21-2019,10178
9-22-2019,9997
9-23-2019,10041
9-24-2019,9700
9-25-2019,8703
9-26-2019,8446
9-27-2019,8099
9-28-2019,8183
9-29-2019,8225
9-30-2019,8064
10-01-2019,8271
10-02-2019,8367
10-03-2019,8350
10-04-2019,8176
10-05-2019,8157
10-06-2019,8140
10-07-2019,7890
10-08-2019,8182
10-09-2019,8181
10-10-2019,8573
10-11-2019,8562
10-12-2019,8278
10-13-2019,8308
10-14-2019,8289
10-15-2019,8347
10-16-2019,8176
10-17-2019,8010
10-18-2019,8080
10-19-2019,7957
10-20-2019,7950
10-21-2019,8208
10-22-2019,8221
10-23-2019,8045
10-24-2019,7469
10-25-2019,7434
10-26-2019,8652
10-27-2019,9217
10-28-2019,9502
10-29-2019,9240
10-30-2019,9407
10-31-2019,9172
11-01-2019,9152
11-02-2019,9233
11-03-2019,9303
11-04-2019,9204
11-05-2019,9379
11-06-2019,9300
11-07-2019,9340
11-08-2019,9221
11-09-2019,8796
11-10-2019,8810
11-11-2019,9044
11-12-2019,8730
11-13-2019,8807
11-14-2019,8771
11-15-2019,8652
11-16-2019,8480
11-17-2019,8496
11-18-2019,8508
11-19-2019,8203
11-20-2019,8139
11-21-2019,8096
11-22-2019,7632
11-23-2019,7293
11-24-2019,7310
11-25-2019,6936
11-26-2019,7118
11-27-2019,7158
11-28-2019,7484
11-29-2019,7439
11-30-2019,7721
12-01-2019,7556
12-02-2019,7406
12-03-2019,7309
12-04-2019,7286
12-05-2019,7210
12-06-2019,7374
12-07-2019,7531
12-08-2019,7494
12-09-2019,7508
12-10-2019,7347
12-11-2019,7234
12-12-2019,7197
12-13-2019,7201
12-14-2019,7247
12-15-2019,7082
12-16-2019,7109
12-17-2019,6901
12-18-2019,6627
12-19-2019,7275
12-20-2019,7153
12-21-2019,7185
12-22-2019,7142
12-23-2019,7488
12-24-2019,7335
12-25-2019,7267
12-26-2019,7204
12-27-2019,7208
12-28-2019,7248
12-29-2019,7308
12-30-2019,7394
12-31-2019,7240
1-01-2020,7195
1-02-2020,7194
1-03-2020,6964
1-04-2020,7300
1-05-2020,7351
1-06-2020,7350
1-07-2020,7735
1-08-2020,8147
1-09-2020,8046
1-10-2020,7833
1-11-2020,8181
1-12-2020,8012
1-13-2020,8171
1-14-2020,8111
1-15-2020,8802
1-16-2020,8821
1-17-2020,8721
1-18-2020,8903
1-19-2020,8907
1-20-2020,8690
1-21-2020,8631
1-22-2020,8725
1-23-2020,8665
1-24-2020,8416
1-25-2020,8432
1-26-2020,8349
1-27-2020,8596
1-28-2020,8879
1-29-2020,9321
1-30-2020,9277
1-31-2020,9510
2-01-2020,9308
2-02-2020,9363
2-03-2020,9338
2-04-2020,9309
2-05-2020,9180
2-06-2020,9592
2-07-2020,9745
2-08-2020,9799
2-09-2020,9891
2-10-2020,10148
2-11-2020,9890
2-12-2020,10227
2-13-2020,10329
2-14-2020,10221
2-15-2020,10320
2-16-2020,9894
2-17-2020,9944
2-18-2020,9724
2-19-2020,10134
2-20-2020,9618
2-21-2020,9608
2-22-2020,9673
2-23-2020,9659
2-24-2020,9947
2-25-2020,9671
2-26-2020,9345
2-27-2020,8802
2-28-2020,8781
2-29-2020,8717
3-01-2020,8553
3-02-2020,8568
3-03-2020,8906
3-04-2020,8757
3-05-2020,8759
3-06-2020,9039
3-07-2020,9136
3-08-2020,8902
3-09-2020,8041
3-10-2020,7921
3-11-2020,7907
3-12-2020,7936
3-13-2020,5143
3-14-2020,5543
3-15-2020,5214
3-16-2020,5398
3-17-2020,5033
3-18-2020,5389
3-19-2020,5376
3-20-2020,6170
3-21-2020,6196
3-22-2020,6146
3-23-2020,5860
3-24-2020,6456
3-25-2020,6730
3-26-2020,6696
3-27-2020,6766
3-28-2020,6398
3-29-2020,6255
3-30-2020,5915
3-31-2020,6403
4-01-2020,6422
4-02-2020,6641
4-03-2020,6808
4-04-2020,6733
4-05-2020,6859
4-06-2020,6788
4-07-2020,7298
4-08-2020,7197
4-09-2020,7342
4-10-2020,7294
4-11-2020,6865
4-12-2020,6879
4-13-2020,6913
4-14-2020,6858
4-15-2020,6860
4-16-2020,6629
4-17-2020,7060
4-18-2020,7035
4-19-2020,7243
4-20-2020,7128
4-21-2020,6856
4-22-2020,6842
4-23-2020,7110
4-24-2020,7383
4-25-2020,7495
4-26-2020,7539
4-27-2020,7684
4-28-2020,7774
4-29-2020,7758
4-30-2020,8744
5-01-2020,8611
5-02-2020,8825
5-03-2020,8966
5-04-2020,8889
5-05-2020,8884
5-06-2020,9003
5-07-2020,9145
5-08-2020,9959
5-09-2020,9822
5-10-2020,9567
5-11-2020,8753
5-12-2020,8605
5-13-2020,8788
5-14-2020,9283
5-15-2020,9796
5-16-2020,9309
5-17-2020,9375
5-18-2020,9666
5-19-2020,9708
5-20-2020,9760
5-21-2020,9527
5-22-2020,9060
5-23-2020,9132
5-24-2020,9170
5-25-2020,8732
5-26-2020,8884
5-27-2020,8839
5-28-2020,9174
5-29-2020,9546
5-30-2020,9427
5-31-2020,9663
6-01-2020,9467
6-02-2020,1017
6-03-2020,9515
6-04-2020,9645
6-05-2020,9776
6-06-2020,9637
6-07-2020,9663
6-08-2020,9739
6-09-2020,9773
6-10-2020,9767
6-11-2020,9875
6-12-2020,9326
6-13-2020,9470
6-14-2020,9469
6-15-2020,9346
6-16-2020,9432
6-17-2020,9525
6-18-2020,9463
6-19-2020,9400
6-20-2020,9313
6-21-2020,9360
6-22-2020,9298
6-23-2020,9679
6-24-2020,9625
6-25-2020,9288
6-26-2020,9259
6-27-2020,9166
6-28-2020,9014
6-29-2020,9140
6-30-2020,9185
7-01-2020,9150
7-02-2020,9231
7-03-2020,9094
7-04-2020,9071
7-05-2020,9133
7-06-2020,9087
7-07-2020,9342
7-08-2020,9254
7-09-2020,9432
7-10-2020,9236
7-11-2020,9283
7-12-2020,9234
7-13-2020,9297
7-14-2020,9241
7-15-2020,9247
7-16-2020,9203
7-17-2020,9136
7-18-2020,9156
7-19-2020,9168
7-20-2020,9203
7-21-2020,9163
7-22-2020,9384
7-23-2020,9514
7-24-2020,9590
7-25-2020,9536
7-26-2020,9692
7-27-2020,9926
7-28-2020,10962
7-29-2020,10905
7-30-2020,11094
7-31-2020,11116
8-01-2020,11326
8-02-2020,11812
8-03-2020,11066
8-04-2020,11231
8-05-2020,11182
8-06-2020,11719
8-07-2020,11768
8-08-2020,11571
8-09-2020,11739
8-10-2020,11683
8-11-2020,11863
8-12-2020,11399
8-13-2020,11580
8-14-2020,11817
8-15-2020,11777
8-16-2020,11865
8-17-2020,11902
8-18-2020,12272
8-19-2020,11950
8-20-2020,11733
8-21-2020,11862
8-22-2020,11515
8-23-2020,11676
8-24-2020,11648
8-25-2020,11759
8-26-2020,11351
8-27-2020,11465
8-28-2020,11300
8-29-2020,11519
8-30-2020,11481
8-31-2020,11701
9-01-2020,11672
9-02-2020,11895
9-03-2020,11418
9-04-2020,10197
9-05-2020,10484
9-06-2020,10178
9-07-2020,10260
9-08-2020,10359
9-09-2020,10125
9-10-2020,10230
9-11-2020,10342
9-12-2020,10378
9-13-2020,10439
9-14-2020,10329
9-15-2020,10661
9-16-2020,10788
9-17-2020,10952
9-18-2020,10938
9-19-2020,10927
9-20-2020,11084
9-21-2020,10923
9-22-2020,10440
9-23-2020,10528
9-24-2020,10224
9-25-2020,10727
9-26-2020,10682
9-27-2020,10743
9-28-2020,10765
9-29-2020,10672
9-30-2020,10838
10-01-2020,10771
10-02-2020,10628
10-03-2020,10573
10-04-2020,10547
10-05-2020,10671
10-06-2020,10785
10-07-2020,10606
10-08-2020,10668
10-09-2020,10889
10-10-2020,11063
10-11-2020,11287
10-12-2020,11378
10-13-2020,11543
10-14-2020,11426
10-15-2020,11436
10-16-2020,11496
10-17-2020,11319
10-18-2020,11366
10-19-2020,11496
10-20-2020,11752
10-21-2020,11909
10-22-2020,12806
10-23-2020,12951
10-24-2020,12928
10-25-2020,13106
10-26-2020,13021
10-27-2020,13061
10-28-2020,13655
10-29-2020,13283
10-30-2020,13442
10-31-2020,13537
11-01-2020,13779
11-02-2020,13720
11-03-2020,13558
11-04-2020,13990
11-05-2020,14102
11-06-2020,15553
11-07-2020,15548
11-08-2020,14818
11-09-2020,15496
11-10-2020,15335
11-11-2020,15279
11-12-2020,15687
11-13-2020,16265
11-14-2020,16327
11-15-2020,16096
11-16-2020,15985
11-17-2020,16714
11-18-2020,17652
11-19-2020,17830
11-20-2020,17820
11-21-2020,18629
11-22-2020,18690
11-23-2020,18391
11-24-2020,18361
11-25-2020,19092
11-26-2020,18753
11-27-2020,17138
11-28-2020,17140
11-29-2020,17719
11-30-2020,18170
12-01-2020,19610
12-02-2020,18857
12-03-2020,19208
12-04-2020,19435
12-05-2020,18711
12-06-2020,19139
12-07-2020,19326
12-08-2020,19199
12-09-2020,18337
12-10-2020,18565
12-11-2020,18262
12-12-2020,18058
12-13-2020,18807
12-14-2020,19151
12-15-2020,19260
12-16-2020,19432
12-17-2020,21318
12-18-2020,22806
12-19-2020,23121
12-20-2020,23864
12-21-2020,23518
12-22-2020,22841
12-23-2020,23795
12-24-2020,23308
12-25-2020,23760
12-26-2020,24671
12-27-2020,26476
12-28-2020,26423
12-29-2020,27125
12-30-2020,27425
12-31-2020,28837
1-01-2021,29022
1-02-2021,29352
1-03-2021,32164
1-04-2021,33008
1-05-2021,31516
1-06-2021,34082
1-07-2021,36934
1-08-2021,39547
1-09-2021,40816
1-10-2021,40297
1-11-2021,38398
1-12-2021,35670
1-13-2021,33938
1-14-2021,37456
1-15-2021,39233
1-16-2021,36788
1-17-2021,36255
1-18-2021,35804
1-19-2021,36595
1-20-2021,36105
1-21-2021,35587
1-22-2021,30914
1-23-2021,32958
1-24-2021,32068
1-25-2021,32274
1-26-2021,32375
1-27-2021,32582
1-28-2021,30446
1-29-2021,33128
1-30-2021,34151
1-31-2021,34200
2-01-2021,33065
2-02-2021,33406
2-03-2021,35486
2-04-2021,37495
2-05-2021,36817
2-06-2021,38008
2-07-2021,39279
2-08-2021,38833
2-09-2021,46308
2-10-2021,46570
2-11-2021,44849
2-12-2021,47816
2-13-2021,47414
2-14-2021,46941
2-15-2021,48608
2-16-2021,47898
2-17-2021,49238
2-18-2021,52144
2-19-2021,51733
2-20-2021,56039
2-21-2021,56378
2-22-2021,57669
2-23-2021,54411
2-24-2021,48692
2-25-2021,49849
2-26-2021,46993
2-27-2021,46551
2-28-2021,46654
3-01-2021,44970
3-02-2021,49787
3-03-2021,48532
3-04-2021,50577
3-05-2021,48727
3-06-2021,49092
3-07-2021,49019
3-08-2021,51313
3-09-2021,52329
3-10-2021,54700
3-11-2021,56020
3-12-2021,57789
3-13-2021,57354
3-14-2021,61315
3-15-2021,59429
3-16-2021,55805
3-17-2021,56830
3-18-2021,59015
3-19-2021,57922
3-20-2021,58243
3-21-2021,58376
3-22-2021,57574
3-23-2021,54370
3-24-2021,54585
3-25-2021,52527
3-26-2021,51417
3-27-2021,55033
3-28-2021,55832
3-29-2021,55728
3-30-2021,57635
3-31-2021,58669
4-01-2021,58817
4-02-2021,58801
4-03-2021,59060
4-04-2021,57060
4-05-2021,58229
4-06-2021,58707
4-07-2021,58062
4-08-2021,56134
4-09-2021,58066
4-10-2021,58153
4-11-2021,59979
4-12-2021,59988
4-13-2021,59911
4-14-2021,63577
4-15-2021,62807
4-16-2021,63180
4-17-2021,61497
4-18-2021,60274
4-19-2021,56289
4-20-2021,55721
4-21-2021,56295
4-22-2021,54190
4-23-2021,51966
4-24-2021,51191
4-25-2021,50133
4-26-2021,48981
4-27-2021,53979
4-28-2021,54992
4-29-2021,54811
4-30-2021,53597
5-01-2021,57829
5-02-2021,57813
5-03-2021,56601
5-04-2021,57200
5-05-2021,53464
5-06-2021,57432
5-07-2021,56508
5-08-2021,57362
5-09-2021,58772
5-10-2021,58214
5-11-2021,55902
5-12-2021,56929
5-13-2021,50005
5-14-2021,49973
5-15-2021,49913
5-16-2021,46781
5-17-2021,46585
5-18-2021,43781
5-19-2021,43091
5-20-2021,37287
5-21-2021,40438
5-22-2021,37340
5-23-2021,37520
5-24-2021,34978
5-25-2021,38642
5-26-2021,38211
5-27-2021,39407
5-28-2021,38643
5-29-2021,35710
5-30-2021,34775
5-31-2021,35715
6-01-2021,37341
6-02-2021,36680
6-03-2021,37686
6-04-2021,39151
6-05-2021,36939
6-06-2021,35547
6-07-2021,35834
6-08-2021,33451
6-09-2021,33557
6-10-2021,37554
6-11-2021,36903
6-12-2021,37289
6-13-2021,35666
6-14-2021,39148
6-15-2021,40625
6-16-2021,40378
6-17-2021,38321
6-18-2021,38194
6-19-2021,35881
6-20-2021,35582
6-21-2021,35787
6-22-2021,31712
6-23-2021,32508
6-24-2021,33703
6-25-2021,34675
6-26-2021,31943
6-27-2021,32024
6-28-2021,34607
6-29-2021,34557
6-30-2021,35969
7-01-2021,35171
7-02-2021,33678
7-03-2021,33951
7-04-2021,34730
7-05-2021,35394
7-06-2021,33928
7-07-2021,34150
7-08-2021,33932
7-09-2021,32934
7-10-2021,33971
7-11-2021,33705
7-12-2021,34300
7-13-2021,33263
7-14-2021,32676
7-15-2021,32879
7-16-2021,31726
7-17-2021,31400
7-18-2021,31589
7-19-2021,31919
7-20-2021,30928
7-21-2021,29972
7-22-2021,32384
7-23-2021,32409
7-24-2021,33456
7-25-2021,34214
7-26-2021,35456
7-27-2021,37282
7-28-2021,39077
7-29-2021,40031
7-30-2021,39978
7-31-2021,41936
8-01-2021,41754
8-02-2021,39915
8-03-2021,39279
8-04-2021,38368
8-05-2021,39752
8-06-2021,40825
8-07-2021,42802
8-08-2021,44648
8-09-2021,43753
8-10-2021,46311
8-11-2021,45640
8-12-2021,45652
8-13-2021,44495
8-14-2021,47717
8-15-2021,47089
8-16-2021,47025
8-17-2021,46032
8-18-2021,44534
8-19-2021,45015
8-20-2021,46745
8-21-2021,49196
8-22-2021,48934
8-23-2021,49251
8-24-2021,49519
8-25-2021,47941
8-26-2021,49003
8-27-2021,47229
8-28-2021,49083
8-29-2021,48937
8-30-2021,48907
8-31-2021,47124
9-01-2021,47335
9-02-2021,48823
9-03-2021,49339
9-04-2021,49935
9-05-2021,50013
9-06-2021,51696
9-07-2021,52740
9-08-2021,46995
9-09-2021,46085
9-10-2021,46519
9-11-2021,44803
9-12-2021,45196
9-13-2021,46195
9-14-2021,45140
9-15-2021,47135
9-16-2021,48187
9-17-2021,47879
9-18-2021,47229
9-19-2021,48267
9-20-2021,47371
9-21-2021,42933
9-22-2021,40387
9-23-2021,43587
9-24-2021,44981
9-25-2021,42752
9-26-2021,42857
9-27-2021,43337
9-28-2021,42247
9-29-2021,41010
9-30-2021,41588
10-01-2021,43859
10-02-2021,48182
10-03-2021,47778
10-04-2021,48283
10-05-2021,49260
10-06-2021,51669
10-07-2021,55415
10-08-2021,53895
10-09-2021,54011
10-10-2021,55125
10-11-2021,54712
10-12-2021,57573
10-13-2021,56335
10-14-2021,57488
10-15-2021,57452
10-16-2021,61809
10-17-2021,61166
10-18-2021,61584
10-19-2021,62018
10-20-2021,64518
10-21-2021,66238
10-22-2021,62541
10-23-2021,61029
10-24-2021,61572
10-25-2021,61173
10-26-2021,63228
10-27-2021,60604
10-28-2021,58641
10-29-2021,60768
10-30-2021,62283
10-31-2021,61837
11-01-2021,61472
11-02-2021,61122
11-03-2021,63247
11-04-2021,63131
11-05-2021,61602
11-06-2021,61247
11-07-2021,61661
11-08-2021,63153
11-09-2021,67617
11-10-2021,67145
11-11-2021,65061
11-12-2021,65006
11-13-2021,64432
11-14-2021,64660
11-15-2021,65649
11-16-2021,63934
11-17-2021,60449
11-18-2021,60604
11-19-2021,56987
11-20-2021,58459
11-21-2021,60083
11-22-2021,59140
11-23-2021,56387
11-24-2021,57749
11-25-2021,57198
11-26-2021,58898
11-27-2021,53828
11-28-2021,54533
11-29-2021,57238
11-30-2021,57849
12-01-2021,57011
12-02-2021,57169
12-03-2021,56508
12-04-2021,53786
12-05-2021,49162
12-06-2021,49268
12-07-2021,50462
12-08-2021,50648
12-09-2021,50530
12-10-2021,47886
12-11-2021,47304
12-12-2021,49242
12-13-2021,50051
12-14-2021,46696
12-15-2021,48411
12-16-2021,48937
12-17-2021,47695
12-18-2021,46329
12-19-2021,46970
12-20-2021,46807
12-21-2021,47117
12-22-2021,49145
12-23-2021,48756
12-24-2021,50901
12-25-2021,50889
12-26-2021,50663
12-27-2021,50853
12-28-2021,50774
12-29-2021,47725
12-30-2021,46507
12-31-2021,47192
1-01-2022,46320
1-02-2022,47816
1-03-2022,47387
1-04-2022,46531
1-05-2022,45938
1-06-2022,43647
1-07-2022,43216
1-08-2022,41527
1-09-2022,41757
1-10-2022,41862
1-11-2022,41870
1-12-2022,42777
1-13-2022,43982
1-14-2022,42608
1-15-2022,43121
1-16-2022,43227
1-17-2022,43120
1-18-2022,42298
1-19-2022,42395
1-20-2022,41750
1-21-2022,40708
1-22-2022,36509
1-23-2022,35180
1-24-2022,36306
1-25-2022,36774
1-26-2022,36989
1-27-2022,36870
1-28-2022,37277
1-29-2022,37853
1-30-2022,38232
1-31-2022,37983
2-01-2022,38556
2-02-2022,38836
2-03-2022,37001
2-04-2022,37101
2-05-2022,41674
2-06-2022,41494
2-07-2022,42476
2-08-2022,43911
2-09-2022,44184
2-10-2022,44384
2-11-2022,43628
2-12-2022,42445
2-13-2022,42255
2-14-2022,42248
2-15-2022,42635
2-16-2022,44574
2-17-2022,44063
2-18-2022,40563
2-19-2022,40073
2-20-2022,40193
2-21-2022,38514
2-22-2022,37060
2-23-2022,38337
2-24-2022,37372
2-25-2022,38363
2-26-2022,39316
2-27-2022,39090
2-28-2022,37804
3-01-2022,43225
3-02-2022,44460
3-03-2022,43981
3-04-2022,42492
3-05-2022,39200
3-06-2022,39463
3-07-2022,38443
3-08-2022,38076
3-09-2022,38733
3-10-2022,41986
3-11-2022,39468
3-12-2022,38775
3-13-2022,38904
3-14-2022,37853
3-15-2022,39669
3-16-2022,39332
3-17-2022,41166
3-18-2022,41002
3-19-2022,41837
3-20-2022,42202
3-21-2022,41283
3-22-2022,41062
3-23-2022,42402
3-24-2022,42802
3-25-2022,43936
3-26-2022,44332
3-27-2022,44511
3-28-2022,46715
3-29-2022,46995
3-30-2022,47459
3-31-2022,47063
4-01-2022,45528
4-02-2022,46270
4-03-2022,45842
4-04-2022,46435
4-05-2022,46623
4-06-2022,45635
4-07-2022,43199
4-08-2022,43515
4-09-2022,42316
4-10-2022,42796
4-11-2022,42275
4-12-2022,39604
4-13-2022,40206
4-14-2022,41205
4-15-2022,39959
4-16-2022,40587
4-17-2022,40450
4-18-2022,39739
4-19-2022,40834
4-20-2022,41498
4-21-2022,41397
4-22-2022,40529
4-23-2022,39757
4-24-2022,39562
4-25-2022,39469
4-26-2022,40489
4-27-2022,38134
4-28-2022,39238
4-29-2022,39742
4-30-2022,38651
5-01-2022,37821
5-02-2022,38538
5-03-2022,38562
5-04-2022,37758
5-05-2022,39699
5-06-2022,36612
5-07-2022,36116
5-08-2022,35573
5-09-2022,34070
5-10-2022,30270
5-11-2022,31027
5-12-2022,28913
5-13-2022,29126
5-14-2022,29311
5-15-2022,30189
5-16-2022,31319
5-17-2022,29924
5-18-2022,30502
5-19-2022,28772
5-20-2022,30382
5-21-2022,29257
5-22-2022,29492
5-23-2022,30351
5-24-2022,29163
5-25-2022,29655
5-26-2022,29585
5-27-2022,29347
5-28-2022,28647
5-29-2022,29088
5-30-2022,29493
5-31-2022,31741
6-01-2022,31866
6-02-2022,29833
6-03-2022,30481
6-04-2022,29714
6-05-2022,29872
6-06-2022,29918
6-07-2022,31373
6-08-2022,31265
6-09-2022,30229
6-10-2022,30101
6-11-2022,29101
6-12-2022,28374
6-13-2022,26767
6-14-2022,22526
6-15-2022,22245
6-16-2022,22529
6-17-2022,20409
6-18-2022,20473
6-19-2022,19047
6-20-2022,20516
6-21-2022,20637
6-22-2022,20701
6-23-2022,19984
6-24-2022,21100
6-25-2022,21263
6-26-2022,21526
6-27-2022,21053
6-28-2022,20751
6-29-2022,20283
6-30-2022,20109
7-01-2022,19608
7-02-2022,19407
7-03-2022,19268
7-04-2022,19310
7-05-2022,20257
7-06-2022,20189
7-07-2022,20567
7-08-2022,21661
7-09-2022,21859
7-10-2022,21590
7-11-2022,20860
7-12-2022,19998
7-13-2022,19351
7-14-2022,20225
7-15-2022,20575
7-16-2022,20795
7-17-2022,21193
7-18-2022,20824
7-19-2022,22395
7-20-2022,23367
7-21-2022,23313
7-22-2022,23155
7-23-2022,22697
7-24-2022,22506
7-25-2022,22614
7-26-2022,21330
7-27-2022,21236
7-28-2022,22909
7-29-2022,23822
7-30-2022,23848
7-31-2022,23653
8-01-2022,23380
8-02-2022,23334
8-03-2022,23054
8-04-2022,22860
8-05-2022,22678
8-06-2022,23225
8-07-2022,22985
8-08-2022,23198
8-09-2022,23824
8-10-2022,23204
8-11-2022,23949
8-12-2022,23949
8-13-2022,24411
8-14-2022,24434
8-15-2022,24313
8-16-2022,24179
8-17-2022,23913
8-18-2022,23359
8-19-2022,23248
8-20-2022,20946
8-21-2022,21175
8-22-2022,21616
8-23-2022,21388
8-24-2022,21562
8-25-2022,21395
8-26-2022,21618
8-27-2022,20271
8-28-2022,20070
8-29-2022,19659
8-30-2022,20309
8-31-2022,19805
9-01-2022,20024
9-02-2022,20154
9-03-2022,19941
9-04-2022,19815
9-05-2022,19980
9-06-2022,19786
9-07-2022,18860
9-08-2022,19281
9-09-2022,19323
9-10-2022,21360
9-11-2022,21707
9-12-2022,21740
9-13-2022,22340
9-14-2022,20185
9-15-2022,20256
9-16-2022,19702
9-17-2022,19764
9-18-2022,20132
9-19-2022,19437
9-20-2022,19570
9-21-2022,18870
9-22-2022,18540
9-23-2022,19464
9-24-2022,19292
9-25-2022,18940
9-26-2022,18809
9-27-2022,19220
9-28-2022,19116
9-29-2022,19445
9-30-2022,19564
10-01-2022,19477
10-02-2022,19314
10-03-2022,19065
10-04-2022,19621
10-05-2022,20345
10-06-2022,20162
10-07-2022,19949
10-08-2022,19457
10-09-2022,19418
10-10-2022,19448
10-11-2022,19143
10-12-2022,19059
10-13-2022,19153
10-14-2022,19384
10-15-2022,19198
10-16-2022,19073
10-17-2022,19273
10-18-2022,19558
10-19-2022,19348
10-20-2022,19134
10-21-2022,19031
10-22-2022,19173
10-23-2022,19204
10-24-2022,19575
10-25-2022,19317
10-26-2022,20095
10-27-2022,20774
10-28-2022,20278
10-29-2022,20591
10-30-2022,20801
10-31-2022,20624
11-01-2022,20495
11-02-2022,20490
11-03-2022,20163
11-04-2022,20211
11-05-2022,21150
11-06-2022,21283
11-07-2022,20907
11-08-2022,20598
11-09-2022,18562
11-10-2022,15742
11-11-2022,17595
11-12-2022,17080
11-13-2022,16798
11-14-2022,16344
11-15-2022,16646
11-16-2022,16891
11-17-2022,16689
11-18-2022,16718
11-19-2022,16707
11-20-2022,16713
11-21-2022,16304
11-22-2022,15814
11-23-2022,16172
11-24-2022,16608
11-25-2022,16596
11-26-2022,16524
11-27-2022,16456
11-28-2022,16459
11-29-2022,16222
11-30-2022,16442
12-01-2022,17187
12-02-2022,16973
12-03-2022,17085
12-04-2022,16923
12-05-2022,17150
12-06-2022,16973
12-07-2022,17086
12-08-2022,16851
12-09-2022,17235
12-10-2022,17150
12-11-2022,17125
12-12-2022,17101
12-13-2022,17180
12-14-2022,17784
12-15-2022,17809
12-16-2022,17338
12-17-2022,16624
12-18-2022,16806
12-19-2022,16743
12-20-2022,16423
12-21-2022,16899
12-22-2022,16817
12-23-2022,16825
12-24-2022,16791
12-25-2022,16849
12-26-2022,16842
12-27-2022,16900
12-28-2022,16702
12-29-2022,16539
12-30-2022,16644
12-31-2022,16604
1-01-2023,16541
1-02-2023,16616
1-03-2023,16674
1-04-2023,16678
1-05-2023,16855
1-06-2023,16832
1-07-2023,16960
1-08-2023,16951
1-09-2023,17075
1-10-2023,17195
1-11-2023,17437
1-12-2023,17997
1-13-2023,18867
1-14-2023,19942
1-15-2023,21019
1-16-2023,20853
1-17-2023,21175
1-18-2023,21157
1-19-2023,20727
1-20-2023,21082
1-21-2023,22706
1-22-2023,22771
1-23-2023,22737
1-24-2023,22985
1-25-2023,22610
1-26-2023,23180
1-27-2023,23025
1-28-2023,23083
1-29-2023,23022
1-30-2023,23797
1-31-2023,22840
2-01-2023,23137
2-02-2023,23725
2-03-2023,23540
2-04-2023,23452
2-05-2023,23340
2-06-2023,22946
2-07-2023,22786
2-08-2023,23295
2-09-2023,22948
2-10-2023,21821
2-11-2023,21630
2-12-2023,21889
2-13-2023,21780
2-14-2023,21808
2-15-2023,22220
2-16-2023,24308
2-17-2023,23757
2-18-2023,24629
2-19-2023,24643
2-20-2023,24284
2-21-2023,24787
2-22-2023,24417
2-23-2023,24146
2-24-2023,23951
2-25-2023,23172
2-26-2023,23157
2-27-2023,23541
2-28-2023,23518
3-01-2023,23156
3-02-2023,23634
3-03-2023,23464
3-04-2023,22367
3-05-2023,22348
3-06-2023,22422
3-07-2023,22415
3-08-2023,22217
3-09-2023,21713
3-10-2023,20376
3-11-2023,20195
3-12-2023,20522
3-13-2023,22096
3-14-2023,24179
3-15-2023,24759
3-16-2023,24471
3-17-2023,25161
3-18-2023,27467
3-19-2023,27108
3-20-2023,28187
3-21-2023,27929
3-22-2023,28264
3-23-2023,27449
3-24-2023,28460
3-25-2023,27595
3-26-2023,27670
3-27-2023,28048
3-28-2023,27182
3-29-2023,27291
3-30-2023,28395
3-31-2023,28041
4-01-2023,28517
4-02-2023,28499
4-03-2023,28237
4-04-2023,27815
4-05-2023,28175
4-06-2023,28197
4-07-2023,28043
4-08-2023,27934
4-09-2023,27968
4-10-2023,28351
4-11-2023,29658
4-12-2023,30261
4-13-2023,29904
4-14-2023,30405
4-15-2023,30468
4-16-2023,30312
4-17-2023,30305
4-18-2023,29467
4-19-2023,30366
4-20-2023,28833
4-21-2023,28256
4-22-2023,27300
4-23-2023,27862
4-24-2023,27607
4-25-2023,27512
4-26-2023,28351
4-27-2023,28352
4-28-2023,29484
4-29-2023,29340
4-30-2023,29218
5-01-2023,29362
5-02-2023,28126
5-03-2023,28654
5-04-2023,28988
5-05-2023,28846
5-06-2023,29520
5-07-2023,28888
5-08-2023,28611
5-09-2023,27697
5-10-2023,27607
5-11-2023,27640
5-12-2023,27025
5-13-2023,26788
5-14-2023,26798
5-15-2023,26912
5-16-2023,27228
5-17-2023,27023
5-18-2023,27390
5-19-2023,26843
5-20-2023,26884
5-21-2023,27094
5-22-2023,26774
5-23-2023,26870
5-24-2023,27223
5-25-2023,26339
5-26-2023,26476
5-27-2023,26718
5-28-2023,26848
5-29-2023,28110
5-30-2023,27760
5-31-2023,27714
6-01-2023,27245
6-02-2023,26824
6-03-2023,27248
6-04-2023,27066
6-05-2023,27315
6-06-2023,25793
6-07-2023,27217
6-08-2023,26346
6-09-2023,26508
6-10-2023,26470
6-11-2023,25858
6-12-2023,25917
6-13-2023,25910
6-14-2023,25872
6-15-2023,25108
6-16-2023,25565
6-17-2023,26327
6-18-2023,26501
6-19-2023,26333
6-20-2023,26779
6-21-2023,28331
6-22-2023,30102
6-23-2023,29936
6-24-2023,30629
6-25-2023,30538
6-26-2023,30455
6-27-2023,30286
6-28-2023,30694
6-29-2023,30083
6-30-2023,30467
7-01-2023,30481
7-02-2023,30584
7-03-2023,30572
7-04-2023,31135
7-05-2023,30776
7-06-2023,30485
7-07-2023,29990
7-08-2023,30315
7-09-2023,30264
7-10-2023,30170
7-11-2023,30394
7-12-2023,30621
7-13-2023,30407
7-14-2023,31446
7-15-2023,30312
7-16-2023,30298
7-17-2023,30237
7-18-2023,30148
7-19-2023,29848
7-20-2023,29920
7-21-2023,29787
7-22-2023,29915
7-23-2023,29710
7-24-2023,30058
7-25-2023,29185
7-26-2023,29223
7-27-2023,29364
7-28-2023,29200
7-29-2023,29314
7-30-2023,29357
7-31-2023,29278
8-01-2023,29233
8-02-2023,29537
8-03-2023,29147
8-04-2023,29176
8-05-2023,29088
8-06-2023,29047
8-07-2023,29044
8-08-2023,29178
8-09-2023,29780
8-10-2023,29585
8-11-2023,29424
8-12-2023,29397
8-13-2023,29412
8-14-2023,29285
8-15-2023,29401
8-16-2023,29170
8-17-2023,28754
8-18-2023,26502
8-19-2023,26043
8-20-2023,26105
8-21-2023,26161
8-22-2023,26119
8-23-2023,26034
8-24-2023,26450
8-25-2023,26135
8-26-2023,26044
8-27-2023,26002
8-28-2023,26083
8-29-2023,26109
8-30-2023,27731
8-31-2023,27297
9-01-2023,25927
9-02-2023,25812
9-03-2023,25854
9-04-2023,25960
9-05-2023,25829
9-06-2023,25784
9-07-2023,25753
9-08-2023,26192
9-09-2023,25907
9-10-2023,25889
9-11-2023,25835
9-12-2023,25133
9-13-2023,25867
9-14-2023,26223
9-15-2023,26531
9-16-2023,26635
9-17-2023,26558
9-18-2023,26521
9-19-2023,26741
9-20-2023,27219
9-21-2023,27116
9-22-2023,26561
9-23-2023,26572
9-24-2023,26574
9-25-2023,26250
9-26-2023,26299
9-27-2023,26205
9-28-2023,26350
9-29-2023,27009
9-30-2023,26917
10-01-2023,26970
10-02-2023,27968
10-03-2023,27615
10-04-2023,27439
10-05-2023,27792
10-06-2023,27436
10-07-2023,27958
10-08-2023,27978
10-09-2023,27948
10-10-2023,27594
10-11-2023,27392
10-12-2023,26842
10-13-2023,26729
10-14-2023,26841
10-15-2023,26863
10-16-2023,27150
10-17-2023,28513
10-18-2023,28418
10-19-2023,28328
10-20-2023,28716
10-21-2023,29677
10-22-2023,29920
10-23-2023,30019
10-24-2023,32953
10-25-2023,33847
10-26-2023,34472
10-27-2023,34174
10-28-2023,33899
10-29-2023,34093
10-30-2023,34556
10-31-2023,34499
11-01-2023,34672
11-02-2023,35457
11-03-2023,34924
11-04-2023,34731
11-05-2023,35048
11-06-2023,35062
11-07-2023,35031
11-08-2023,35437
11-09-2023,35795
11-10-2023,36768
11-11-2023,37344
11-12-2023,37123
11-13-2023,37068
11-14-2023,36549
11-15-2023,35545
11-16-2023,37904
11-17-2023,36202
11-18-2023,36528
11-19-2023,36582
11-20-2023,37414
11-21-2023,37489
11-22-2023,35965
11-23-2023,37465
11-24-2023,37293
11-25-2023,37739
11-26-2023,37810
11-27-2023,37492
11-28-2023,37250
11-29-2023,37802
11-30-2023,37810
12-01-2023,37712
12-02-2023,38688
12-03-2023,39482
12-04-2023,39960
12-05-2023,41974
12-06-2023,44106
12-07-2023,43788
12-08-2023,43270
12-09-2023,44202
12-10-2023,43745
12-11-2023,43758
12-12-2023,41201
12-13-2023,41451
12-14-2023,42932
12-15-2023,43010
12-16-2023,41992
12-17-2023,42247
12-18-2023,41411
12-19-2023,42684
12-20-2023,42250
12-21-2023,43634
12-22-2023,43850
12-23-2023,44004
12-24-2023,43752
12-25-2023,43035
12-26-2023,43638
12-27-2023,42516
12-28-2023,43418
12-29-2023,42601
12-30-2023,42075
12-31-2023,42221
1-01-2024,42208
1-02-2024,44169
1-03-2024,44995
1-04-2024,42822
1-05-2024,44196
1-06-2024,44114
1-07-2024,43956
1-08-2024,43884
1-09-2024,46936
1-10-2024,46106
1-11-2024,46632
1-12-2024,46314
1-13-2024,42894
1-14-2024,42848
1-15-2024,41801
1-16-2024,42587
1-17-2024,43148
1-18-2024,42714
1-19-2024,41261
1-20-2024,41601
1-21-2024,41626
1-22-2024,41542
1-23-2024,39505
1-24-2024,39833
1-25-2024,40124
1-26-2024,39938
1-27-2024,41863
1-28-2024,42120
1-29-2024,42027
1-30-2024,43268
1-31-2024,42892
2-01-2024,42583
2-02-2024,43069
2-03-2024,43171
2-04-2024,42977
2-05-2024,42599
2-06-2024,42648
2-07-2024,43088
2-08-2024,44247
2-09-2024,45338
2-10-2024,47143
2-11-2024,47769
2-12-2024,48190
2-13-2024,50050
2-14-2024,49732
2-15-2024,51790
2-16-2024,51958
2-17-2024,52166
2-18-2024,51685
2-19-2024,52138
2-20-2024,51764
2-21-2024,52287
2-22-2024,51843
2-23-2024,51320
2-24-2024,50841
2-25-2024,51553
2-26-2024,51752
2-27-2024,54478
2-28-2024,57004
2-29-2024,62559
3-01-2024,61298
3-02-2024,62427
3-03-2024,62068
3-04-2024,63053
3-05-2024,68187
3-06-2024,64292
3-07-2024,66146
3-08-2024,66945
3-09-2024,68315
3-10-2024,68508
3-11-2024,69076
3-12-2024,72131
3-13-2024,71467
3-14-2024,73098
3-15-2024,71420
3-16-2024,69498
3-17-2024,65292
3-18-2024,68425
3-19-2024,67709
3-20-2024,62133
3-21-2024,67819
3-22-2024,65536
3-23-2024,63509
3-24-2024,64286
3-25-2024,67311
3-26-2024,69939
3-27-2024,70082
3-28-2024,69436
3-29-2024,70710
3-30-2024,69919
3-31-2024,69702
4-01-2024,71247
4-02-2024,69786
4-03-2024,65440
4-04-2024,66124
4-05-2024,68542
4-06-2024,67979
4-07-2024,69001
4-08-2024,69402
4-09-2024,71624
4-10-2024,69159
4-11-2024,70528
4-12-2024,70107
4-13-2024,67252
4-14-2024,64405
4-15-2024,65753
4-16-2024,63431
4-17-2024,63721
4-18-2024,61329
4-19-2024,63462
4-20-2024,63989
4-21-2024,64894
4-22-2024,64936
4-23-2024,66842
4-24-2024,66407
4-25-2024,64280
4-26-2024,64486
4-27-2024,63802
4-28-2024,63517
4-29-2024,63030
4-30-2024,63798
5-01-2024,60749
5-02-2024,58298
5-03-2024,59135
5-04-2024,62839
5-05-2024,63820
5-06-2024,64010
5-07-2024,63172
5-08-2024,62363
5-09-2024,61216
5-10-2024,63149
5-11-2024,60888
5-12-2024,60777
5-13-2024,61507
5-14-2024,62879
5-15-2024,61569
5-16-2024,66221
5-17-2024,65261
5-18-2024,67053
5-19-2024,66913
5-20-2024,66253
5-21-2024,71430
5-22-2024,70190
5-23-2024,69181
5-24-2024,67906
5-25-2024,68540
5-26-2024,69268
5-27-2024,68509
5-28-2024,69367
5-29-2024,68317
5-30-2024,67577
5-31-2024,68372
6-01-2024,67475
6-02-2024,67704
6-03-2024,67740
6-04-2024,68808
6-05-2024,70600
6-06-2024,71185
6-07-2024,70760
6-08-2024,69325
6-09-2024,69315
6-10-2024,69654
6-11-2024,69493
6-12-2024,67329
6-13-2024,68225
6-14-2024,66700
6-15-2024,66011
6-16-2024,66190
6-17-2024,66616
6-18-2024,66460
6-19-2024,65109
6-20-2024,64907
6-21-2024,64845
6-22-2024,64072
6-23-2024,64240
6-24-2024,63221
6-25-2024,60363
6-26-2024,61770
6-27-2024,60750
6-28-2024,61563
6-29-2024,60317
