date,price
01-01-2015,314
02-01-2015,314
03-01-2015,287
04-01-2015,261
05-01-2015,273
06-01-2015,285
07-01-2015,296
08-01-2015,284
09-01-2015,290
10-01-2015,275
11-01-2015,267
12-01-2015,268
13-01-2015,221
14-01-2015,172
15-01-2015,211
16-01-2015,206
17-01-2015,199
18-01-2015,209
19-01-2015,215
20-01-2015,211
21-01-2015,224
22-01-2015,232
23-01-2015,233
24-01-2015,248
25-01-2015,254
26-01-2015,271
27-01-2015,259
29-01-2015,233
30-01-2015,229
31-01-2015,218
01-02-2015,226
02-02-2015,240
03-02-2015,226
04-02-2015,225
05-02-2015,217
06-02-2015,222
07-02-2015,227
08-02-2015,223
09-02-2015,220
10-02-2015,221
11-02-2015,219
12-02-2015,222
13-02-2015,236
14-02-2015,259
15-02-2015,233
16-02-2015,236
17-02-2015,242
18-02-2015,235
19-02-2015,240
20-02-2015,244
21-02-2015,244
22-02-2015,236
23-02-2015,238
24-02-2015,239
25-02-2015,237
26-02-2015,236
27-02-2015,254
28-02-2015,254
01-03-2015,258
02-03-2015,270
03-03-2015,281
04-03-2015,273
05-03-2015,275
06-03-2015,272
07-03-2015,276
08-03-2015,275
09-03-2015,289
10-03-2015,290
11-03-2015,296
12-03-2015,294
13-03-2015,288
14-03-2015,281
15-03-2015,285
16-03-2015,290
17-03-2015,284
18-03-2015,256
19-03-2015,260
20-03-2015,261
21-03-2015,259
22-03-2015,268
23-03-2015,266
24-03-2015,245
25-03-2015,246
26-03-2015,248
27-03-2015,247
28-03-2015,252
29-03-2015,242
30-03-2015,247
31-03-2015,243
01-04-2015,247
02-04-2015,252
03-04-2015,254
04-04-2015,253
05-04-2015,260
06-04-2015,255
07-04-2015,253
08-04-2015,244
09-04-2015,243
10-04-2015,235
11-04-2015,236
12-04-2015,236
13-04-2015,224
14-04-2015,218
15-04-2015,223
16-04-2015,228
17-04-2015,222
18-04-2015,223
19-04-2015,223
20-04-2015,224
21-04-2015,235
22-04-2015,234
23-04-2015,235
24-04-2015,231
25-04-2015,226
26-04-2015,219
27-04-2015,229
28-04-2015,226
29-04-2015,226
30-04-2015,236
01-05-2015,233
02-05-2015,235
03-05-2015,240
04-05-2015,239
05-05-2015,236
06-05-2015,230
07-05-2015,237
08-05-2015,244
09-05-2015,242
10-05-2015,240
11-05-2015,242
12-05-2015,242
13-05-2015,235
14-05-2015,237
15-05-2015,237
16-05-2015,236
17-05-2015,236
18-05-2015,232
19-05-2015,232
20-05-2015,234
21-05-2015,235
22-05-2015,241
23-05-2015,239
24-05-2015,241
25-05-2015,237
26-05-2015,237
27-05-2015,237
28-05-2015,237
29-05-2015,237
30-05-2015,233
31-05-2015,230
01-06-2015,223
02-06-2015,226
03-06-2015,225
04-06-2015,224
05-06-2015,225
06-06-2015,225
07-06-2015,224
08-06-2015,229
09-06-2015,230
10-06-2015,229
11-06-2015,230
12-06-2015,231
13-06-2015,233
14-06-2015,234
15-06-2015,237
16-06-2015,250
17-06-2015,248
18-06-2015,249
19-06-2015,243
20-06-2015,245
21-06-2015,244
22-06-2015,247
23-06-2015,244
24-06-2015,241
25-06-2015,242
26-06-2015,242
27-06-2015,251
28-06-2015,248
29-06-2015,256
30-06-2015,262
01-07-2015,258
02-07-2015,255
03-07-2015,255
04-07-2015,260
05-07-2015,271
06-07-2015,269
07-07-2015,265
08-07-2015,270
09-07-2015,269
10-07-2015,285
11-07-2015,292
12-07-2015,310
13-07-2015,291
14-07-2015,287
15-07-2015,284
16-07-2015,277
17-07-2015,278
18-07-2015,274
19-07-2015,273
20-07-2015,277
21-07-2015,275
22-07-2015,276
23-07-2015,276
24-07-2015,288
25-07-2015,288
26-07-2015,292
27-07-2015,293
28-07-2015,294
29-07-2015,289
30-07-2015,287
31-07-2015,284
01-08-2015,281
02-08-2015,282
03-08-2015,282
04-08-2015,284
05-08-2015,281
06-08-2015,278
07-08-2015,279
08-08-2015,260
09-08-2015,264
10-08-2015,264
11-08-2015,270
12-08-2015,268
13-08-2015,264
14-08-2015,265
15-08-2015,260
16-08-2015,258
17-08-2015,257
18-08-2015,253
19-08-2015,226
20-08-2015,235
21-08-2015,232
22-08-2015,229
23-08-2015,227
24-08-2015,210
25-08-2015,221
26-08-2015,225
27-08-2015,223
28-08-2015,232
29-08-2015,228
30-08-2015,228
31-08-2015,230
01-09-2015,227
02-09-2015,229
03-09-2015,227
04-09-2015,230
05-09-2015,235
06-09-2015,239
07-09-2015,241
08-09-2015,244
09-09-2015,238
10-09-2015,239
11-09-2015,240
12-09-2015,235
13-09-2015,231
14-09-2015,230
15-09-2015,230
16-09-2015,228
17-09-2015,233
18-09-2015,232
19-09-2015,231
20-09-2015,231
21-09-2015,226
22-09-2015,230
23-09-2015,230
24-09-2015,234
25-09-2015,235
26-09-2015,235
27-09-2015,233
28-09-2015,239
29-09-2015,237
30-09-2015,236
01-10-2015,238
02-10-2015,237
03-10-2015,239
04-10-2015,239
05-10-2015,240
06-10-2015,246
07-10-2015,243
08-10-2015,243
09-10-2015,244
10-10-2015,245
11-10-2015,248
12-10-2015,246
13-10-2015,249
14-10-2015,253
15-10-2015,255
16-10-2015,262
17-10-2015,270
18-10-2015,262
19-10-2015,264
20-10-2015,270
21-10-2015,267
22-10-2015,274
23-10-2015,277
24-10-2015,283
25-10-2015,285
26-10-2015,286
27-10-2015,295
28-10-2015,304
29-10-2015,314
30-10-2015,326
31-10-2015,312
01-11-2015,325
02-11-2015,351
03-11-2015,398
04-11-2015,404
05-11-2015,387
06-11-2015,373
07-11-2015,387
08-11-2015,372
09-11-2015,381
10-11-2015,337
11-11-2015,306
12-11-2015,338
13-11-2015,337
14-11-2015,332
15-11-2015,320
16-11-2015,331
17-11-2015,335
18-11-2015,335
19-11-2015,326
20-11-2015,321
21-11-2015,325
22-11-2015,323
23-11-2015,323
24-11-2015,320
25-11-2015,328
26-11-2015,356
27-11-2015,359
28-11-2015,356
29-11-2015,371
30-11-2015,378
01-12-2015,363
02-12-2015,359
03-12-2015,361
04-12-2015,363
05-12-2015,391
06-12-2015,394
07-12-2015,394
08-12-2015,413
09-12-2015,417
10-12-2015,417
11-12-2015,452
12-12-2015,435
13-12-2015,436
14-12-2015,443
15-12-2015,465
16-12-2015,454
17-12-2015,456
18-12-2015,464
19-12-2015,462
20-12-2015,441
21-12-2015,438
22-12-2015,436
23-12-2015,443
24-12-2015,455
25-12-2015,456
26-12-2015,417
27-12-2015,424
28-12-2015,421
29-12-2015,432
30-12-2015,427
31-12-2015,431
01-01-2016,434
02-01-2016,434
03-01-2016,430
04-01-2016,434
05-01-2016,432
06-01-2016,431
07-01-2016,456
08-01-2016,455
09-01-2016,449
10-01-2016,447
11-01-2016,448
12-01-2016,446
13-01-2016,432
14-01-2016,429
15-01-2016,366
16-01-2016,385
17-01-2016,386
18-01-2016,385
19-01-2016,379
20-01-2016,419
21-01-2016,408
22-01-2016,377
23-01-2016,390
24-01-2016,403
25-01-2016,392
26-01-2016,392
27-01-2016,394
28-01-2016,380
29-01-2016,379
30-01-2016,377
31-01-2016,364
01-02-2016,371
02-02-2016,373
03-02-2016,368
04-02-2016,388
05-02-2016,386
06-02-2016,375
07-02-2016,376
08-02-2016,371
09-02-2016,374
10-02-2016,380
11-02-2016,377
12-02-2016,383
13-02-2016,390
14-02-2016,404
15-02-2016,399
16-02-2016,407
17-02-2016,417
18-02-2016,421
19-02-2016,419
20-02-2016,441
21-02-2016,439
22-02-2016,438
23-02-2016,420
24-02-2016,423
25-02-2016,423
26-02-2016,427
27-02-2016,432
28-02-2016,433
29-02-2016,437
01-03-2016,431
02-03-2016,424
03-03-2016,420
04-03-2016,409
05-03-2016,397
06-03-2016,405
07-03-2016,414
08-03-2016,412
09-03-2016,412
10-03-2016,416
11-03-2016,419
12-03-2016,411
13-03-2016,412
14-03-2016,415
15-03-2016,416
16-03-2016,417
17-03-2016,418
18-03-2016,408
19-03-2016,407
20-03-2016,412
21-03-2016,411
22-03-2016,416
23-03-2016,418
24-03-2016,415
25-03-2016,416
26-03-2016,417
27-03-2016,425
28-03-2016,423
29-03-2016,416
30-03-2016,413
31-03-2016,415
01-04-2016,417
02-04-2016,420
03-04-2016,418
04-04-2016,419
05-04-2016,423
06-04-2016,422
07-04-2016,421
08-04-2016,418
09-04-2016,416
10-04-2016,421
11-04-2016,423
12-04-2016,426
13-04-2016,424
14-04-2016,425
15-04-2016,430
16-04-2016,431
17-04-2016,428
18-04-2016,429
19-04-2016,436
20-04-2016,442
21-04-2016,451
22-04-2016,447
23-04-2016,452
24-04-2016,460
25-04-2016,460
26-04-2016,468
27-04-2016,445
28-04-2016,449
29-04-2016,457
30-04-2016,448
01-05-2016,453
02-05-2016,444
03-05-2016,45
04-05-2016,447
05-05-2016,449
06-05-2016,462
07-05-2016,459
08-05-2016,459
09-05-2016,462
10-05-2016,450
11-05-2016,452
12-05-2016,455
13-05-2016,456
14-05-2016,456
15-05-2016,458
16-05-2016,455
17-05-2016,452
18-05-2016,453
19-05-2016,441
20-05-2016,442
21-05-2016,443
22-05-2016,439
23-05-2016,443
24-05-2016,446
25-05-2016,449
26-05-2016,454
27-05-2016,474
28-05-2016,529
29-05-2016,525
30-05-2016,534
31-05-2016,531
01-06-2016,539
02-06-2016,539
03-06-2016,570
04-06-2016,574
05-06-2016,574
06-06-2016,586
07-06-2016,578
08-06-2016,583
09-06-2016,578
10-06-2016,579
11-06-2016,598
12-06-2016,672
13-06-2016,704
14-06-2016,686
15-06-2016,693
16-06-2016,765
17-06-2016,749
18-06-2016,757
19-06-2016,764
20-06-2016,734
21-06-2016,665
22-06-2016,592
23-06-2016,623
24-06-2016,661
25-06-2016,666
26-06-2016,629
27-06-2016,648
28-06-2016,647
29-06-2016,637
30-06-2016,672
01-07-2016,678
02-07-2016,693
03-07-2016,665
04-07-2016,679
05-07-2016,668
06-07-2016,676
07-07-2016,639
08-07-2016,666
09-07-2016,654
10-07-2016,650
11-07-2016,649
12-07-2016,671
13-07-2016,658
14-07-2016,660
15-07-2016,666
16-07-2016,664
17-07-2016,678
18-07-2016,675
19-07-2016,675
20-07-2016,671
21-07-2016,665
22-07-2016,651
23-07-2016,655
24-07-2016,661
25-07-2016,655
26-07-2016,651
27-07-2016,656
28-07-2016,656
29-07-2016,657
30-07-2016,655
31-07-2016,624
01-08-2016,606
02-08-2016,517
03-08-2016,567
04-08-2016,577
05-08-2016,576
06-08-2016,588
07-08-2016,593
08-08-2016,591
09-08-2016,585
10-08-2016,592
11-08-2016,588
12-08-2016,587
13-08-2016,584
14-08-2016,571
15-08-2016,568
16-08-2016,578
17-08-2016,571
18-08-2016,572
19-08-2016,573
20-08-2016,582
21-08-2016,581
22-08-2016,585
23-08-2016,582
24-08-2016,578
25-08-2016,576
26-08-2016,578
27-08-2016,569
28-08-2016,574
29-08-2016,573
30-08-2016,576
31-08-2016,572
01-09-2016,572
02-09-2016,574
03-09-2016,596
04-09-2016,609
05-09-2016,607
06-09-2016,611
07-09-2016,614
08-09-2016,625
09-09-2016,622
10-09-2016,623
11-09-2016,605
12-09-2016,606
13-09-2016,607
14-09-2016,608
15-09-2016,606
16-09-2016,607
17-09-2016,605
18-09-2016,609
19-09-2016,609
20-09-2016,608
21-09-2016,596
22-09-2016,595
23-09-2016,602
24-09-2016,601
25-09-2016,599
26-09-2016,606
27-09-2016,604
28-09-2016,604
29-09-2016,605
30-09-2016,608
01-10-2016,614
02-10-2016,610
03-10-2016,612
04-10-2016,609
05-10-2016,612
06-10-2016,611
07-10-2016,616
08-10-2016,617
09-10-2016,615
10-10-2016,614
11-10-2016,64
12-10-2016,636
13-10-2016,635
14-10-2016,638
15-10-2016,637
16-10-2016,640
17-10-2016,637
18-10-2016,635
19-10-2016,628
20-10-2016,629
21-10-2016,630
22-10-2016,652
23-10-2016,650
24-10-2016,649
25-10-2016,653
26-10-2016,673
27-10-2016,683
28-10-2016,688
29-10-2016,715
30-10-2016,697
31-10-2016,699
01-11-2016,729
02-11-2016,734
03-11-2016,686
04-11-2016,702
05-11-2016,704
06-11-2016,712
07-11-2016,706
08-11-2016,709
09-11-2016,721
10-11-2016,713
11-11-2016,716
12-11-2016,704
13-11-2016,702
14-11-2016,706
15-11-2016,712
16-11-2016,741
17-11-2016,738
18-11-2016,748
19-11-2016,750
20-11-2016,728
21-11-2016,737
22-11-2016,748
23-11-2016,741
24-11-2016,737
25-11-2016,738
26-11-2016,733
27-11-2016,728
28-11-2016,732
29-11-2016,732
30-11-2016,742
01-12-2016,753
02-12-2016,771
03-12-2016,765
04-12-2016,766
05-12-2016,752
06-12-2016,759
07-12-2016,764
08-12-2016,769
09-12-2016,770
10-12-2016,773
11-12-2016,768
12-12-2016,778
13-12-2016,778
14-12-2016,776
15-12-2016,776
16-12-2016,781
17-12-2016,789
18-12-2016,788
19-12-2016,790
20-12-2016,800
21-12-2016,827
22-12-2016,859
23-12-2016,917
24-12-2016,892
25-12-2016,894
26-12-2016,903
27-12-2016,929
28-12-2016,977
29-12-2016,972
30-12-2016,961
31-12-2016,967
01-01-2017,998
02-01-2017,1019
03-01-2017,1036
04-01-2017,1131
05-01-2017,991
06-01-2017,894
07-01-2017,900
08-01-2017,908
09-01-2017,902
10-01-2017,906
11-01-2017,784
12-01-2017,799
13-01-2017,824
14-01-2017,818
15-01-2017,822
16-01-2017,828
17-01-2017,904
18-01-2017,874
19-01-2017,897
20-01-2017,891
21-01-2017,920
22-01-2017,919
23-01-2017,919
24-01-2017,886
25-01-2017,893
26-01-2017,915
27-01-2017,918
28-01-2017,920
29-01-2017,914
30-01-2017,921
31-01-2017,968
01-02-2017,987
02-02-2017,1008
03-02-2017,1015
04-02-2017,1034
05-02-2017,1017
06-02-2017,1025
07-02-2017,1052
08-02-2017,1055
09-02-2017,982
10-02-2017,992
11-02-2017,1011
12-02-2017,1001
13-02-2017,996
14-02-2017,1010
15-02-2017,1009
16-02-2017,1035
17-02-2017,1057
18-02-2017,1059
19-02-2017,1054
20-02-2017,1082
21-02-2017,1125
22-02-2017,1123
23-02-2017,1186
24-02-2017,1181
25-02-2017,1149
26-02-2017,1181
27-02-2017,1193
28-02-2017,1190
01-03-2017,1227
02-03-2017,1262
03-03-2017,1290
04-03-2017,1269
05-03-2017,1276
06-03-2017,1281
07-03-2017,1233
08-03-2017,1150
09-03-2017,1191
10-03-2017,1100
11-03-2017,1181
12-03-2017,1231
13-03-2017,1243
14-03-2017,1247
15-03-2017,1258
16-03-2017,1217
17-03-2017,1074
18-03-2017,962
19-03-2017,1023
20-03-2017,1036
21-03-2017,1113
22-03-2017,1040
23-03-2017,1029
24-03-2017,940
25-03-2017,965
26-03-2017,954
27-03-2017,1043
28-03-2017,1045
29-03-2017,1039
30-03-2017,1031
31-03-2017,1078
01-04-2017,1085
02-04-2017,1098
03-04-2017,1139
04-04-2017,1140
05-04-2017,1132
06-04-2017,1194
07-04-2017,1190
08-04-2017,1182
09-04-2017,1188
10-04-2017,1211
11-04-2017,1227
12-04-2017,1218
13-04-2017,1174
14-04-2017,1184
15-04-2017,1180
16-04-2017,1186
17-04-2017,1205
18-04-2017,1218
19-04-2017,1226
20-04-2017,1254
21-04-2017,1255
22-04-2017,1250
23-04-2017,1248
24-04-2017,1250
25-04-2017,1263
26-04-2017,1287
27-04-2017,1331
28-04-2017,1321
29-04-2017,1328
30-04-2017,1350
01-05-2017,1408
02-05-2017,1442
03-05-2017,1486
04-05-2017,1499
05-05-2017,1506
06-05-2017,1548
07-05-2017,1558
08-05-2017,1633
09-05-2017,1700
10-05-2017,1747
11-05-2017,1809
12-05-2017,1701
13-05-2017,1752
14-05-2017,1768
15-05-2017,1696
16-05-2017,1716
17-05-2017,1804
18-05-2017,1889
19-05-2017,1973
20-05-2017,2043
21-05-2017,2054
22-05-2017,2109
23-05-2017,2293
24-05-2017,2448
25-05-2017,2367
26-05-2017,2262
27-05-2017,2083
28-05-2017,2219
29-05-2017,2286
30-05-2017,2168
31-05-2017,2329
01-06-2017,2436
02-06-2017,2514
03-06-2017,2563
04-06-2017,2556
05-06-2017,2722
06-06-2017,2903
07-06-2017,2716
08-06-2017,2824
09-06-2017,2817
10-06-2017,2937
11-06-2017,3014
12-06-2017,2701
13-06-2017,2736
14-06-2017,2503
15-06-2017,2444
16-06-2017,2514
17-06-2017,2684
18-06-2017,2577
19-06-2017,2620
20-06-2017,2778
21-06-2017,2717
22-06-2017,2725
23-06-2017,2738
24-06-2017,2618
25-06-2017,2607
26-06-2017,2488
27-06-2017,2531
28-06-2017,2575
29-06-2017,2562
30-06-2017,2491
01-07-2017,2440
02-07-2017,2519
03-07-2017,2577
04-07-2017,2611
05-07-2017,2607
06-07-2017,2613
07-07-2017,2509
08-07-2017,2563
09-07-2017,2519
10-07-2017,2364
11-07-2017,2354
12-07-2017,2387
13-07-2017,2364
14-07-2017,2229
15-07-2017,2033
16-07-2017,1927
17-07-2017,2181
18-07-2017,2304
19-07-2017,2275
20-07-2017,2767
21-07-2017,2658
22-07-2017,2802
23-07-2017,2732
24-07-2017,2751
25-07-2017,2564
26-07-2017,2507
27-07-2017,2649
28-07-2017,2799
29-07-2017,2720
30-07-2017,2740
31-07-2017,2871
01-08-2017,2738
02-08-2017,2698
03-08-2017,2777
04-08-2017,2846
05-08-2017,3237
06-08-2017,3190
07-08-2017,3357
08-08-2017,3410
09-08-2017,3331
10-08-2017,3368
11-08-2017,3563
12-08-2017,3800
13-08-2017,4023
14-08-2017,4176
15-08-2017,4149
16-08-2017,4263
17-08-2017,4287
18-08-2017,4098
19-08-2017,4115
20-08-2017,4001
21-08-2017,3935
22-08-2017,4008
23-08-2017,4069
24-08-2017,4167
25-08-2017,4200
26-08-2017,4124
27-08-2017,4116
28-08-2017,4216
29-08-2017,4394
30-08-2017,4554
31-08-2017,4703
01-09-2017,4863
02-09-2017,4557
03-09-2017,4632
04-09-2017,4317
05-09-2017,4448
06-09-2017,4592
07-09-2017,4585
08-09-2017,4285
09-09-2017,4246
10-09-2017,4133
11-09-2017,4165
12-09-2017,4131
13-09-2017,3884
14-09-2017,3101
15-09-2017,3588
16-09-2017,3606
17-09-2017,3553
18-09-2017,4012
19-09-2017,3899
20-09-2017,3858
21-09-2017,3628
22-09-2017,3622
23-09-2017,3763
24-09-2017,3672
25-09-2017,3867
26-09-2017,3853
27-09-2017,4134
28-09-2017,4135
29-09-2017,4130
30-09-2017,4298
01-10-2017,4348
02-10-2017,4383
03-10-2017,4319
04-10-2017,4231
05-10-2017,4290
06-10-2017,4348
07-10-2017,4405
08-10-2017,4562
09-10-2017,4759
10-10-2017,4769
11-10-2017,4808
12-10-2017,5332
13-10-2017,5610
14-10-2017,5679
15-10-2017,5684
16-10-2017,5729
17-10-2017,5644
18-10-2017,5593
19-10-2017,5696
20-10-2017,5953
21-10-2017,6044
22-10-2017,6003
23-10-2017,5960
24-10-2017,5550
25-10-2017,5705
26-10-2017,5883
27-10-2017,5776
28-10-2017,5734
29-10-2017,6124
30-10-2017,6104
31-10-2017,6369
01-11-2017,6715
02-11-2017,7060
03-11-2017,7235
04-11-2017,7391
05-11-2017,7416
06-11-2017,7103
07-11-2017,7167
08-11-2017,7462
09-11-2017,7186
10-11-2017,6657
11-11-2017,6365
12-11-2017,5867
13-11-2017,6423
14-11-2017,6652
15-11-2017,7298
16-11-2017,7815
17-11-2017,7784
18-11-2017,7828
19-11-2017,8011
20-11-2017,8221
21-11-2017,8114
22-11-2017,8257
23-11-2017,8118
24-11-2017,8278
25-11-2017,8743
26-11-2017,9343
27-11-2017,9831
28-11-2017,10257
29-11-2017,9876
30-11-2017,10406
01-12-2017,10996
02-12-2017,11163
03-12-2017,11257
04-12-2017,11635
05-12-2017,12174
06-12-2017,13876
07-12-2017,18491
08-12-2017,16908
09-12-2017,15266
10-12-2017,15809
11-12-2017,17107
12-12-2017,17250
13-12-2017,16525
14-12-2017,16865
15-12-2017,17979
16-12-2017,19665
17-12-2017,19424
18-12-2017,19188
19-12-2017,18174
20-12-2017,17060
21-12-2017,16355
22-12-2017,14085
23-12-2017,15242
24-12-2017,14451
25-12-2017,14303
26-12-2017,16617
27-12-2017,16373
28-12-2017,15068
29-12-2017,15097
30-12-2017,13620
31-12-2017,14840
01-01-2018,14094
02-01-2018,15322
03-01-2018,15584
04-01-2018,15976
05-01-2018,18337
06-01-2018,18344
07-01-2018,17040
08-01-2018,15900
09-01-2018,15605
10-01-2018,15509
11-01-2018,14051
12-01-2018,14759
13-01-2018,15193
14-01-2018,14477
15-01-2018,14412
16-01-2018,11724
17-01-2018,11415
18-01-2018,11569
19-01-2018,11758
20-01-2018,13260
21-01-2018,11704
22-01-2018,10992
23-01-2018,10894
24-01-2018,11277
25-01-2018,11225
26-01-2018,11045
27-01-2018,11456
28-01-2018,11666
29-01-2018,11158
30-01-2018,11095
31-01-2018,9990
01-02-2018,10114
02-02-2018,9071
03-02-2018,8830
04-02-2018,8995
05-02-2018,8316
06-02-2018,6852
07-02-2018,7711
08-02-2018,7612
09-02-2018,8209
10-02-2018,8651
11-02-2018,8575
12-02-2018,8169
13-02-2018,8911
14-02-2018,8518
15-02-2018,9428
16-02-2018,10113
17-02-2018,10155
18-02-2018,11007
19-02-2018,10523
20-02-2018,11103
21-02-2018,11502
22-02-2018,9974
23-02-2018,10033
24-02-2018,10302
25-02-2018,9743
26-02-2018,9700
27-02-2018,10356
28-02-2018,10709
01-03-2018,10347
02-03-2018,10860
03-03-2018,11098
04-03-2018,11356
05-03-2018,11287
06-03-2018,11526
07-03-2018,10728
08-03-2018,10000
09-03-2018,9421
10-03-2018,9276
11-03-2018,8891
12-03-2018,9512
13-03-2018,9233
14-03-2018,9217
15-03-2018,8307
16-03-2018,8359
17-03-2018,8520
18-03-2018,8063
19-03-2018,8218
20-03-2018,8641
21-03-2018,8927
22-03-2018,8970
23-03-2018,8736
24-03-2018,8825
25-03-2018,8621
26-03-2018,8479
27-03-2018,8186
28-03-2018,7837
29-03-2018,7931
30-03-2018,7127
31-03-2018,6897
01-04-2018,6975
02-04-2018,6837
03-04-2018,7080
04-04-2018,7464
05-04-2018,6845
06-04-2018,6855
07-04-2018,6629
08-04-2018,6884
09-04-2018,6985
10-04-2018,6778
11-04-2018,6829
12-04-2018,6925
13-04-2018,7836
14-04-2018,7846
15-04-2018,7898
16-04-2018,8258
17-04-2018,8031
18-04-2018,7874
19-04-2018,8097
20-04-2018,8277
21-04-2018,8499
22-04-2018,8878
23-04-2018,8769
24-04-2018,8881
25-04-2018,9716
26-04-2018,8825
27-04-2018,9222
28-04-2018,8940
29-04-2018,9250
30-04-2018,9326
01-05-2018,9198
02-05-2018,9024
03-05-2018,9123
04-05-2018,9551
05-05-2018,9635
06-05-2018,9766
07-05-2018,9584
08-05-2018,9308
09-05-2018,9150
10-05-2018,9249
11-05-2018,8970
12-05-2018,8406
13-05-2018,8481
14-05-2018,8684
15-05-2018,8697
16-05-2018,8473
17-05-2018,8343
18-05-2018,8056
19-05-2018,8203
20-05-2018,8181
21-05-2018,8443
22-05-2018,8355
23-05-2018,8009
24-05-2018,7556
25-05-2018,7563
26-05-2018,7472
27-05-2018,7329
28-05-2018,7327
29-05-2018,7111
30-05-2018,7451
31-05-2018,7381
01-06-2018,7460
02-06-2018,7487
03-06-2018,7568
04-06-2018,7640
05-06-2018,7464
06-06-2018,7569
07-06-2018,7606
08-06-2018,7614
09-06-2018,7561
10-06-2018,7415
11-06-2018,6767
12-06-2018,6880
13-06-2018,6582
14-06-2018,6334
15-06-2018,6645
16-06-2018,6407
17-06-2018,6479
18-06-2018,6419
19-06-2018,6678
20-06-2018,6709
21-06-2018,6714
22-06-2018,6691
23-06-2018,6089
24-06-2018,6169
25-06-2018,6160
26-06-2018,6242
27-06-2018,6070
28-06-2018,6117
29-06-2018,5880
30-06-2018,6182
01-07-2018,6366
02-07-2018,6313
03-07-2018,6596
04-07-2018,6498
05-07-2018,6563
06-07-2018,6538
07-07-2018,6603
08-07-2018,6760
09-07-2018,6701
10-07-2018,6648
11-07-2018,6303
12-07-2018,6373
13-07-2018,6231
14-07-2018,6248
15-07-2018,6246
16-07-2018,6350
17-07-2018,6742
18-07-2018,7303
19-07-2018,7335
20-07-2018,7443
21-07-2018,7332
22-07-2018,7379
23-07-2018,7396
24-07-2018,7705
25-07-2018,8422
26-07-2018,8145
27-07-2018,7929
28-07-2018,8145
29-07-2018,8192
30-07-2018,8198
31-07-2018,8186
01-08-2018,7738
02-08-2018,7612
03-08-2018,7541
04-08-2018,7412
05-08-2018,7009
06-08-2018,7037
07-08-2018,6926
08-08-2018,6712
09-08-2018,6260
10-08-2018,6531
11-08-2018,6167
12-08-2018,6205
13-08-2018,6318
14-08-2018,6284
15-08-2018,6212
16-08-2018,6268
17-08-2018,6309
18-08-2018,6567
19-08-2018,6382
20-08-2018,6475
21-08-2018,6243
22-08-2018,6467
23-08-2018,6337
24-08-2018,6521
25-08-2018,6684
26-08-2018,6736
27-08-2018,6728
28-08-2018,6911
29-08-2018,7076
30-08-2018,7047
31-08-2018,7024
01-09-2018,7028
02-09-2018,7211
03-09-2018,7305
04-09-2018,7261
05-09-2018,7359
06-09-2018,6765
07-09-2018,6498
08-09-2018,6398
09-09-2018,6181
10-09-2018,6261
11-09-2018,6308
12-09-2018,6279
13-09-2018,6331
14-09-2018,6486
15-09-2018,6500
16-09-2018,6530
17-09-2018,6506
18-09-2018,6250
19-09-2018,6347
20-09-2018,6384
21-09-2018,6492
22-09-2018,6754
23-09-2018,6747
24-09-2018,6711
25-09-2018,6596
26-09-2018,6441
27-09-2018,6463
28-09-2018,6705
29-09-2018,6635
30-09-2018,6606
01-10-2018,6626
02-10-2018,6599
03-10-2018,6525
04-10-2018,6499
05-10-2018,6579
06-10-2018,6621
07-10-2018,6589
08-10-2018,6585
09-10-2018,6653
10-10-2018,6634
11-10-2018,6582
12-10-2018,6234
13-10-2018,6286
14-10-2018,6315
15-10-2018,6329
16-10-2018,6660
17-10-2018,6635
18-10-2018,6636
19-10-2018,6518
20-10-2018,6484
21-10-2018,6533
22-10-2018,6530
23-10-2018,6513
24-10-2018,6473
25-10-2018,6481
26-10-2018,6458
27-10-2018,6469
28-10-2018,6457
29-10-2018,6481
30-10-2018,6293
31-10-2018,6332
01-11-2018,6367
02-11-2018,6380
03-11-2018,6425
04-11-2018,6388
05-11-2018,6351
06-11-2018,6415
07-11-2018,6475
08-11-2018,6575
09-11-2018,6490
10-11-2018,6414
11-11-2018,6430
12-11-2018,6434
13-11-2018,6411
14-11-2018,6394
15-11-2018,5789
16-11-2018,5687
17-11-2018,5610
18-11-2018,5599
19-11-2018,5639
20-11-2018,4889
21-11-2018,4451
22-11-2018,4613
23-11-2018,4307
24-11-2018,4377
25-11-2018,3896
26-11-2018,4040
27-11-2018,3812
28-11-2018,3833
29-11-2018,4267
30-11-2018,4279
01-12-2018,4010
02-12-2018,4190
03-12-2018,4125
04-12-2018,3879
05-12-2018,3944
06-12-2018,3752
07-12-2018,3467
08-12-2018,3409
09-12-2018,3425
10-12-2018,3551
11-12-2018,3434
12-12-2018,3379
13-12-2018,3438
14-12-2018,3295
15-12-2018,3217
16-12-2018,3222
17-12-2018,3217
18-12-2018,3506
19-12-2018,3656
20-12-2018,3688
21-12-2018,4065
22-12-2018,3846
23-12-2018,3961
24-12-2018,3942
25-12-2018,4022
26-12-2018,3759
27-12-2018,3782
28-12-2018,3588
29-12-2018,3854
30-12-2018,3778
31-12-2018,3810
01-01-2019,3693
02-01-2019,3794
03-01-2019,3872
04-01-2019,3777
05-01-2019,3815
06-01-2019,3787
07-01-2019,4014
08-01-2019,3990
09-01-2019,3974
10-01-2019,3982
11-01-2019,3624
12-01-2019,3633
13-01-2019,3598
14-01-2019,3496
15-01-2019,3648
16-01-2019,3568
17-01-2019,3598
18-01-2019,3621
19-01-2019,3598
20-01-2019,3675
21-01-2019,3539
22-01-2019,3531
23-01-2019,3571
24-01-2019,3556
25-01-2019,3566
26-01-2019,3565
27-01-2019,3564
28-01-2019,3553
29-01-2019,3432
30-01-2019,3413
31-01-2019,3458
01-02-2019,3432
02-02-2019,3464
03-02-2019,3487
04-02-2019,3454
05-02-2019,3464
06-02-2019,3470
07-02-2019,3406
08-02-2019,3394
09-02-2019,3664
10-02-2019,3667
11-02-2019,3676
12-02-2019,3631
13-02-2019,3634
14-02-2019,3610
15-02-2019,3590
16-02-2019,3601
17-02-2019,3623
18-02-2019,3665
19-02-2019,3887
20-02-2019,3915
21-02-2019,3977
22-02-2019,3935
23-02-2019,3974
24-02-2019,4115
25-02-2019,3743
26-02-2019,3825
27-02-2019,3809
28-02-2019,3813
01-03-2019,3816
02-03-2019,3816
03-03-2019,3820
04-03-2019,3807
05-03-2019,3713
06-03-2019,3852
07-03-2019,3861
08-03-2019,3872
09-03-2019,3862
10-03-2019,3942
11-03-2019,3924
12-03-2019,3860
13-03-2019,3876
14-03-2019,3866
15-03-2019,3877
16-03-2019,3925
17-03-2019,4008
18-03-2019,3981
19-03-2019,3987
20-03-2019,4014
21-03-2019,4046
22-03-2019,3983
23-03-2019,3989
24-03-2019,4009
25-03-2019,3993
26-03-2019,3928
27-03-2019,3939
28-03-2019,4036
29-03-2019,4028
30-03-2019,4103
31-03-2019,4104
01-04-2019,4104
02-04-2019,4146
03-04-2019,4862
04-04-2019,4956
05-04-2019,4899
06-04-2019,5015
07-04-2019,5042
08-04-2019,5177
09-04-2019,5267
10-04-2019,5172
11-04-2019,5309
12-04-2019,5048
13-04-2019,5082
14-04-2019,5073
15-04-2019,5149
16-04-2019,5040
17-04-2019,5214
18-04-2019,5219
19-04-2019,5275
20-04-2019,5280
21-04-2019,5308
22-04-2019,5311
23-04-2019,5381
24-04-2019,5558
25-04-2019,5452
26-04-2019,5203
27-04-2019,5296
28-04-2019,5257
29-04-2019,5258
30-04-2019,5200
01-05-2019,5293
02-05-2019,5355
03-05-2019,5451
04-05-2019,5731
05-05-2019,5804
06-05-2019,5749
07-05-2019,5716
08-05-2019,5841
09-05-2019,5958
10-05-2019,6168
11-05-2019,6370
12-05-2019,7258
13-05-2019,6954
14-05-2019,7806
15-05-2019,7990
16-05-2019,8192
17-05-2019,7876
18-05-2019,7343
19-05-2019,7301
20-05-2019,8169
21-05-2019,7977
22-05-2019,7958
23-05-2019,7666
24-05-2019,7862
25-05-2019,7977
26-05-2019,8038
27-05-2019,8631
28-05-2019,8816
29-05-2019,8727
30-05-2019,8651
31-05-2019,8311
01-06-2019,8576
02-06-2019,8554
03-06-2019,8744
04-06-2019,8174
05-06-2019,7684
06-06-2019,7812
07-06-2019,7821
08-06-2019,8036
09-06-2019,7943
10-06-2019,7668
11-06-2019,8003
12-06-2019,7898
13-06-2019,8145
14-06-2019,8228
15-06-2019,8672
16-06-2019,8819
17-06-2019,8979
18-06-2019,9313
19-06-2019,9094
20-06-2019,9286
21-06-2019,9548
22-06-2019,10118
23-06-2019,10705
24-06-2019,10846
25-06-2019,11046
26-06-2019,11808
27-06-2019,12996
28-06-2019,11179
29-06-2019,12352
30-06-2019,11973
01-07-2019,10888
02-07-2019,10639
03-07-2019,10823
04-07-2019,11976
05-07-2019,11230
06-07-2019,10987
07-07-2019,11279
08-07-2019,11436
09-07-2019,12260
10-07-2019,12544
11-07-2019,12166
12-07-2019,11385
13-07-2019,11805
14-07-2019,11419
15-07-2019,10285
16-07-2019,10911
17-07-2019,9539
18-07-2019,9657
19-07-2019,10636
20-07-2019,10537
21-07-2019,10774
22-07-2019,10607
23-07-2019,10343
24-07-2019,9936
25-07-2019,9799
26-07-2019,9878
27-07-2019,9846
28-07-2019,9448
29-07-2019,9535
30-07-2019,9511
31-07-2019,9568
01-08-2019,10063
02-08-2019,10361
03-08-2019,10529
04-08-2019,10791
05-08-2019,10952
06-08-2019,11819
07-08-2019,11510
08-08-2019,11971
09-08-2019,12024
10-08-2019,11853
11-08-2019,11328
12-08-2019,11550
13-08-2019,11381
14-08-2019,10904
15-08-2019,10016
16-08-2019,10296
17-08-2019,10325
18-08-2019,10224
19-08-2019,10310
20-08-2019,10896
21-08-2019,10744
22-08-2019,10124
23-08-2019,10128
24-08-2019,10386
25-08-2019,10145
26-08-2019,10090
27-08-2019,10335
28-08-2019,10168
29-08-2019,9753
30-08-2019,9485
31-08-2019,9589
01-09-2019,9607
02-09-2019,9729
03-09-2019,10323
04-09-2019,10620
05-09-2019,10574
06-09-2019,10570
07-09-2019,10351
08-09-2019,10462
09-09-2019,10404
10-09-2019,10322
11-09-2019,10121
12-09-2019,10151
13-09-2019,10401
14-09-2019,10356
15-09-2019,10350
16-09-2019,10306
17-09-2019,10268
18-09-2019,10203
19-09-2019,10159
20-09-2019,10253
21-09-2019,10178
22-09-2019,9997
23-09-2019,10041
24-09-2019,9700
25-09-2019,8703
26-09-2019,8446
27-09-2019,8099
28-09-2019,8183
29-09-2019,8225
30-09-2019,8064
01-10-2019,8271
02-10-2019,8367
03-10-2019,8350
04-10-2019,8176
05-10-2019,8157
06-10-2019,8140
07-10-2019,7890
08-10-2019,8182
09-10-2019,8181
10-10-2019,8573
11-10-2019,8562
12-10-2019,8278
13-10-2019,8308
14-10-2019,8289
15-10-2019,8347
16-10-2019,8176
17-10-2019,8010
18-10-2019,8080
19-10-2019,7957
20-10-2019,7950
21-10-2019,8208
22-10-2019,8221
23-10-2019,8045
24-10-2019,7469
25-10-2019,7434
26-10-2019,8652
27-10-2019,9217
28-10-2019,9502
29-10-2019,9240
30-10-2019,9407
31-10-2019,9172
01-11-2019,9152
02-11-2019,9233
03-11-2019,9303
04-11-2019,9204
05-11-2019,9379
06-11-2019,9300
07-11-2019,9340
08-11-2019,9221
09-11-2019,8796
10-11-2019,8810
11-11-2019,9044
12-11-2019,8730
13-11-2019,8807
14-11-2019,8771
15-11-2019,8652
16-11-2019,8480
17-11-2019,8496
18-11-2019,8508
19-11-2019,8203
20-11-2019,8139
21-11-2019,8096
22-11-2019,7632
23-11-2019,7293
24-11-2019,7310
25-11-2019,6936
26-11-2019,7118
27-11-2019,7158
28-11-2019,7484
29-11-2019,7439
30-11-2019,7721
01-12-2019,7556
02-12-2019,7406
03-12-2019,7309
04-12-2019,7286
05-12-2019,7210
06-12-2019,7374
07-12-2019,7531
08-12-2019,7494
09-12-2019,7508
10-12-2019,7347
11-12-2019,7234
12-12-2019,7197
13-12-2019,7201
14-12-2019,7247
15-12-2019,7082
16-12-2019,7109
17-12-2019,6901
18-12-2019,6627
19-12-2019,7275
20-12-2019,7153
21-12-2019,7185
22-12-2019,7142
23-12-2019,7488
24-12-2019,7335
25-12-2019,7267
26-12-2019,7204
27-12-2019,7208
28-12-2019,7248
29-12-2019,7308
30-12-2019,7394
31-12-2019,7240
01-01-2020,7195
02-01-2020,7194
03-01-2020,6964
04-01-2020,7300
05-01-2020,7351
06-01-2020,7350
07-01-2020,7735
08-01-2020,8147
09-01-2020,8046
10-01-2020,7833
11-01-2020,8181
12-01-2020,8012
13-01-2020,8171
14-01-2020,8111
15-01-2020,8802
16-01-2020,8821
17-01-2020,8721
18-01-2020,8903
19-01-2020,8907
20-01-2020,8690
21-01-2020,8631
22-01-2020,8725
23-01-2020,8665
24-01-2020,8416
25-01-2020,8432
26-01-2020,8349
27-01-2020,8596
28-01-2020,8879
29-01-2020,9321
30-01-2020,9277
31-01-2020,9510
01-02-2020,9308
02-02-2020,9363
03-02-2020,9338
04-02-2020,9309
05-02-2020,9180
06-02-2020,9592
07-02-2020,9745
08-02-2020,9799
09-02-2020,9891
10-02-2020,10148
11-02-2020,9890
12-02-2020,10227
13-02-2020,10329
14-02-2020,10221
15-02-2020,10320
16-02-2020,9894
17-02-2020,9944
18-02-2020,9724
19-02-2020,10134
20-02-2020,9618
21-02-2020,9608
22-02-2020,9673
23-02-2020,9659
24-02-2020,9947
25-02-2020,9671
26-02-2020,9345
27-02-2020,8802
28-02-2020,8781
29-02-2020,8717
01-03-2020,8553
02-03-2020,8568
03-03-2020,8906
04-03-2020,8757
05-03-2020,8759
06-03-2020,9039
07-03-2020,9136
08-03-2020,8902
09-03-2020,8041
10-03-2020,7921
11-03-2020,7907
12-03-2020,7936
13-03-2020,5143
14-03-2020,5543
15-03-2020,5214
16-03-2020,5398
17-03-2020,5033
18-03-2020,5389
19-03-2020,5376
20-03-2020,6170
21-03-2020,6196
22-03-2020,6146
23-03-2020,5860
24-03-2020,6456
25-03-2020,6730
26-03-2020,6696
27-03-2020,6766
28-03-2020,6398
29-03-2020,6255
30-03-2020,5915
31-03-2020,6403
01-04-2020,6422
02-04-2020,6641
03-04-2020,6808
04-04-2020,6733
05-04-2020,6859
06-04-2020,6788
07-04-2020,7298
08-04-2020,7197
09-04-2020,7342
10-04-2020,7294
11-04-2020,6865
12-04-2020,6879
13-04-2020,6913
14-04-2020,6858
15-04-2020,6860
16-04-2020,6629
17-04-2020,7060
18-04-2020,7035
19-04-2020,7243
20-04-2020,7128
21-04-2020,6856
22-04-2020,6842
23-04-2020,7110
24-04-2020,7383
25-04-2020,7495
26-04-2020,7539
27-04-2020,7684
28-04-2020,7774
29-04-2020,7758
30-04-2020,8744
01-05-2020,8611
02-05-2020,8825
03-05-2020,8966
04-05-2020,8889
05-05-2020,8884
06-05-2020,9003
07-05-2020,9145
08-05-2020,9959
09-05-2020,9822
10-05-2020,9567
11-05-2020,8753
12-05-2020,8605
13-05-2020,8788
14-05-2020,9283
15-05-2020,9796
16-05-2020,9309
17-05-2020,9375
18-05-2020,9666
19-05-2020,9708
20-05-2020,9760
21-05-2020,9527
22-05-2020,9060
23-05-2020,9132
24-05-2020,9170
25-05-2020,8732
26-05-2020,8884
27-05-2020,8839
28-05-2020,9174
29-05-2020,9546
30-05-2020,9427
31-05-2020,9663
01-06-2020,9467
02-06-2020,1017
03-06-2020,9515
04-06-2020,9645
05-06-2020,9776
06-06-2020,9637
07-06-2020,9663
08-06-2020,9739
09-06-2020,9773
10-06-2020,9767
11-06-2020,9875
12-06-2020,9326
13-06-2020,9470
14-06-2020,9469
15-06-2020,9346
16-06-2020,9432
17-06-2020,9525
18-06-2020,9463
19-06-2020,9400
20-06-2020,9313
21-06-2020,9360
22-06-2020,9298
23-06-2020,9679
24-06-2020,9625
25-06-2020,9288
26-06-2020,9259
27-06-2020,9166
28-06-2020,9014
29-06-2020,9140
30-06-2020,9185
01-07-2020,9150
02-07-2020,9231
03-07-2020,9094
04-07-2020,9071
05-07-2020,9133
06-07-2020,9087
07-07-2020,9342
08-07-2020,9254
09-07-2020,9432
10-07-2020,9236
11-07-2020,9283
12-07-2020,9234
13-07-2020,9297
14-07-2020,9241
15-07-2020,9247
16-07-2020,9203
17-07-2020,9136
18-07-2020,9156
19-07-2020,9168
20-07-2020,9203
21-07-2020,9163
22-07-2020,9384
23-07-2020,9514
24-07-2020,9590
25-07-2020,9536
26-07-2020,9692
27-07-2020,9926
28-07-2020,10962
29-07-2020,10905
30-07-2020,11094
31-07-2020,11116
01-08-2020,11326
02-08-2020,11812
03-08-2020,11066
04-08-2020,11231
05-08-2020,11182
06-08-2020,11719
07-08-2020,11768
08-08-2020,11571
09-08-2020,11739
10-08-2020,11683
11-08-2020,11863
12-08-2020,11399
13-08-2020,11580
14-08-2020,11817
15-08-2020,11777
16-08-2020,11865
17-08-2020,11902
18-08-2020,12272
19-08-2020,11950
20-08-2020,11733
21-08-2020,11862
22-08-2020,11515
23-08-2020,11676
24-08-2020,11648
25-08-2020,11759
26-08-2020,11351
27-08-2020,11465
28-08-2020,11300
29-08-2020,11519
30-08-2020,11481
31-08-2020,11701
01-09-2020,11672
02-09-2020,11895
03-09-2020,11418
04-09-2020,10197
05-09-2020,10484
06-09-2020,10178
07-09-2020,10260
08-09-2020,10359
09-09-2020,10125
10-09-2020,10230
11-09-2020,10342
12-09-2020,10378
13-09-2020,10439
14-09-2020,10329
15-09-2020,10661
16-09-2020,10788
17-09-2020,10952
18-09-2020,10938
19-09-2020,10927
20-09-2020,11084
21-09-2020,10923
22-09-2020,10440
23-09-2020,10528
24-09-2020,10224
25-09-2020,10727
26-09-2020,10682
27-09-2020,10743
28-09-2020,10765
29-09-2020,10672
30-09-2020,10838
01-10-2020,10771
02-10-2020,10628
03-10-2020,10573
04-10-2020,10547
05-10-2020,10671
06-10-2020,10785
07-10-2020,10606
08-10-2020,10668
09-10-2020,10889
10-10-2020,11063
11-10-2020,11287
12-10-2020,11378
13-10-2020,11543
14-10-2020,11426
15-10-2020,11436
16-10-2020,11496
17-10-2020,11319
18-10-2020,11366
19-10-2020,11496
20-10-2020,11752
21-10-2020,11909
22-10-2020,12806
23-10-2020,12951
24-10-2020,12928
25-10-2020,13106
26-10-2020,13021
27-10-2020,13061
28-10-2020,13655
29-10-2020,13283
30-10-2020,13442
31-10-2020,13537
01-11-2020,13779
02-11-2020,13720
03-11-2020,13558
04-11-2020,13990
05-11-2020,14102
06-11-2020,15553
07-11-2020,15548
08-11-2020,14818
09-11-2020,15496
10-11-2020,15335
11-11-2020,15279
12-11-2020,15687
13-11-2020,16265
14-11-2020,16327
15-11-2020,16096
16-11-2020,15985
17-11-2020,16714
18-11-2020,17652
19-11-2020,17830
20-11-2020,17820
21-11-2020,18629
22-11-2020,18690
23-11-2020,18391
24-11-2020,18361
25-11-2020,19092
26-11-2020,18753
27-11-2020,17138
28-11-2020,17140
29-11-2020,17719
30-11-2020,18170
01-12-2020,19610
02-12-2020,18857
03-12-2020,19208
04-12-2020,19435
05-12-2020,18711
06-12-2020,19139
07-12-2020,19326
08-12-2020,19199
09-12-2020,18337
10-12-2020,18565
11-12-2020,18262
12-12-2020,18058
13-12-2020,18807
14-12-2020,19151
15-12-2020,19260
16-12-2020,19432
17-12-2020,21318
18-12-2020,22806
19-12-2020,23121
20-12-2020,23864
21-12-2020,23518
22-12-2020,22841
23-12-2020,23795
24-12-2020,23308
25-12-2020,23760
26-12-2020,24671
27-12-2020,26476
28-12-2020,26423
29-12-2020,27125
30-12-2020,27425
31-12-2020,28837
01-01-2021,29022
02-01-2021,29352
03-01-2021,32164
04-01-2021,33008
05-01-2021,31516
06-01-2021,34082
07-01-2021,36934
08-01-2021,39547
09-01-2021,40816
10-01-2021,40297
11-01-2021,38398
12-01-2021,35670
13-01-2021,33938
14-01-2021,37456
15-01-2021,39233
16-01-2021,36788
17-01-2021,36255
18-01-2021,35804
19-01-2021,36595
20-01-2021,36105
21-01-2021,35587
22-01-2021,30914
23-01-2021,32958
24-01-2021,32068
25-01-2021,32274
26-01-2021,32375
27-01-2021,32582
28-01-2021,30446
29-01-2021,33128
30-01-2021,34151
31-01-2021,34200
01-02-2021,33065
02-02-2021,33406
03-02-2021,35486
04-02-2021,37495
05-02-2021,36817
06-02-2021,38008
07-02-2021,39279
08-02-2021,38833
09-02-2021,46308
10-02-2021,46570
11-02-2021,44849
12-02-2021,47816
13-02-2021,47414
14-02-2021,46941
15-02-2021,48608
16-02-2021,47898
17-02-2021,49238
18-02-2021,52144
19-02-2021,51733
20-02-2021,56039
21-02-2021,56378
22-02-2021,57669
23-02-2021,54411
24-02-2021,48692
25-02-2021,49849
26-02-2021,46993
27-02-2021,46551
28-02-2021,46654
01-03-2021,44970
02-03-2021,49787
03-03-2021,48532
04-03-2021,50577
05-03-2021,48727
06-03-2021,49092
07-03-2021,49019
08-03-2021,51313
09-03-2021,52329
10-03-2021,54700
11-03-2021,56020
12-03-2021,57789
13-03-2021,57354
14-03-2021,61315
15-03-2021,59429
16-03-2021,55805
17-03-2021,56830
18-03-2021,59015
19-03-2021,57922
20-03-2021,58243
21-03-2021,58376
22-03-2021,57574
23-03-2021,54370
24-03-2021,54585
25-03-2021,52527
26-03-2021,51417
27-03-2021,55033
28-03-2021,55832
29-03-2021,55728
30-03-2021,57635
31-03-2021,58669
01-04-2021,58817
02-04-2021,58801
03-04-2021,59060
04-04-2021,57060
05-04-2021,58229
06-04-2021,58707
07-04-2021,58062
08-04-2021,56134
09-04-2021,58066
10-04-2021,58153
11-04-2021,59979
12-04-2021,59988
13-04-2021,59911
14-04-2021,63577
15-04-2021,62807
16-04-2021,63180
17-04-2021,61497
18-04-2021,60274
19-04-2021,56289
20-04-2021,55721
21-04-2021,56295
22-04-2021,54190
23-04-2021,51966
24-04-2021,51191
25-04-2021,50133
26-04-2021,48981
27-04-2021,53979
28-04-2021,54992
29-04-2021,54811
30-04-2021,53597
01-05-2021,57829
02-05-2021,57813
03-05-2021,56601
04-05-2021,57200
05-05-2021,53464
06-05-2021,57432
07-05-2021,56508
08-05-2021,57362
09-05-2021,58772
10-05-2021,58214
11-05-2021,55902
12-05-2021,56929
13-05-2021,50005
14-05-2021,49973
15-05-2021,49913
16-05-2021,46781
17-05-2021,46585
18-05-2021,43781
19-05-2021,43091
20-05-2021,37287
21-05-2021,40438
22-05-2021,37340
23-05-2021,37520
24-05-2021,34978
25-05-2021,38642
26-05-2021,38211
27-05-2021,39407
28-05-2021,38643
29-05-2021,35710
30-05-2021,34775
31-05-2021,35715
01-06-2021,37341
02-06-2021,36680
03-06-2021,37686
04-06-2021,39151
05-06-2021,36939
06-06-2021,35547
07-06-2021,35834
08-06-2021,33451
09-06-2021,33557
10-06-2021,37554
11-06-2021,36903
12-06-2021,37289
13-06-2021,35666
14-06-2021,39148
15-06-2021,40625
16-06-2021,40378
17-06-2021,38321
18-06-2021,38194
19-06-2021,35881
20-06-2021,35582
21-06-2021,35787
22-06-2021,31712
23-06-2021,32508
24-06-2021,33703
25-06-2021,34675
26-06-2021,31943
27-06-2021,32024
28-06-2021,34607
29-06-2021,34557
30-06-2021,35969
01-07-2021,35171
02-07-2021,33678
03-07-2021,33951
04-07-2021,34730
05-07-2021,35394
06-07-2021,33928
07-07-2021,34150
08-07-2021,33932
09-07-2021,32934
10-07-2021,33971
11-07-2021,33705
12-07-2021,34300
13-07-2021,33263
14-07-2021,32676
15-07-2021,32879
16-07-2021,31726
17-07-2021,31400
18-07-2021,31589
19-07-2021,31919
20-07-2021,30928
21-07-2021,29972
22-07-2021,32384
23-07-2021,32409
24-07-2021,33456
25-07-2021,34214
26-07-2021,35456
27-07-2021,37282
28-07-2021,39077
29-07-2021,40031
30-07-2021,39978
31-07-2021,41936
01-08-2021,41754
02-08-2021,39915
03-08-2021,39279
04-08-2021,38368
05-08-2021,39752
06-08-2021,40825
07-08-2021,42802
08-08-2021,44648
09-08-2021,43753
10-08-2021,46311
11-08-2021,45640
12-08-2021,45652
13-08-2021,44495
14-08-2021,47717
15-08-2021,47089
16-08-2021,47025
17-08-2021,46032
18-08-2021,44534
19-08-2021,45015
20-08-2021,46745
21-08-2021,49196
22-08-2021,48934
23-08-2021,49251
24-08-2021,49519
25-08-2021,47941
26-08-2021,49003
27-08-2021,47229
28-08-2021,49083
29-08-2021,48937
30-08-2021,48907
31-08-2021,47124
01-09-2021,47335
02-09-2021,48823
03-09-2021,49339
04-09-2021,49935
05-09-2021,50013
06-09-2021,51696
07-09-2021,52740
08-09-2021,46995
09-09-2021,46085
10-09-2021,46519
11-09-2021,44803
12-09-2021,45196
13-09-2021,46195
14-09-2021,45140
15-09-2021,47135
16-09-2021,48187
17-09-2021,47879
18-09-2021,47229
19-09-2021,48267
20-09-2021,47371
21-09-2021,42933
22-09-2021,40387
23-09-2021,43587
24-09-2021,44981
25-09-2021,42752
26-09-2021,42857
27-09-2021,43337
28-09-2021,42247
29-09-2021,41010
30-09-2021,41588
01-10-2021,43859
02-10-2021,48182
03-10-2021,47778
04-10-2021,48283
05-10-2021,49260
06-10-2021,51669
07-10-2021,55415
08-10-2021,53895
09-10-2021,54011
10-10-2021,55125
11-10-2021,54712
12-10-2021,57573
13-10-2021,56335
14-10-2021,57488
15-10-2021,57452
16-10-2021,61809
17-10-2021,61166
18-10-2021,61584
19-10-2021,62018
20-10-2021,64518
21-10-2021,66238
22-10-2021,62541
23-10-2021,61029
24-10-2021,61572
25-10-2021,61173
26-10-2021,63228
27-10-2021,60604
28-10-2021,58641
29-10-2021,60768
30-10-2021,62283
31-10-2021,61837
01-11-2021,61472
02-11-2021,61122
03-11-2021,63247
04-11-2021,63131
05-11-2021,61602
06-11-2021,61247
07-11-2021,61661
08-11-2021,63153
09-11-2021,67617
10-11-2021,67145
11-11-2021,65061
12-11-2021,65006
13-11-2021,64432
14-11-2021,64660
15-11-2021,65649
16-11-2021,63934
17-11-2021,60449
18-11-2021,60604
19-11-2021,56987
20-11-2021,58459
21-11-2021,60083
22-11-2021,59140
23-11-2021,56387
24-11-2021,57749
25-11-2021,57198
26-11-2021,58898
27-11-2021,53828
28-11-2021,54533
29-11-2021,57238
30-11-2021,57849
01-12-2021,57011
02-12-2021,57169
03-12-2021,56508
04-12-2021,53786
05-12-2021,49162
06-12-2021,49268
07-12-2021,50462
08-12-2021,50648
09-12-2021,50530
10-12-2021,47886
11-12-2021,47304
12-12-2021,49242
13-12-2021,50051
14-12-2021,46696
15-12-2021,48411
16-12-2021,48937
17-12-2021,47695
18-12-2021,46329
19-12-2021,46970
20-12-2021,46807
21-12-2021,47117
22-12-2021,49145
23-12-2021,48756
24-12-2021,50901
25-12-2021,50889
26-12-2021,50663
27-12-2021,50853
28-12-2021,50774
29-12-2021,47725
30-12-2021,46507
31-12-2021,47192
01-01-2022,46320
02-01-2022,47816
03-01-2022,47387
04-01-2022,46531
05-01-2022,45938
06-01-2022,43647
07-01-2022,43216
08-01-2022,41527
09-01-2022,41757
10-01-2022,41862
11-01-2022,41870
12-01-2022,42777
13-01-2022,43982
14-01-2022,42608
15-01-2022,43121
16-01-2022,43227
17-01-2022,43120
18-01-2022,42298
19-01-2022,42395
20-01-2022,41750
21-01-2022,40708
22-01-2022,36509
23-01-2022,35180
24-01-2022,36306
25-01-2022,36774
26-01-2022,36989
27-01-2022,36870
28-01-2022,37277
29-01-2022,37853
30-01-2022,38232
31-01-2022,37983
01-02-2022,38556
02-02-2022,38836
03-02-2022,37001
04-02-2022,37101
05-02-2022,41674
06-02-2022,41494
07-02-2022,42476
08-02-2022,43911
09-02-2022,44184
10-02-2022,44384
11-02-2022,43628
12-02-2022,42445
13-02-2022,42255
14-02-2022,42248
15-02-2022,42635
16-02-2022,44574
17-02-2022,44063
18-02-2022,40563
19-02-2022,40073
20-02-2022,40193
21-02-2022,38514
22-02-2022,37060
23-02-2022,38337
24-02-2022,37372
25-02-2022,38363
26-02-2022,39316
27-02-2022,39090
28-02-2022,37804
01-03-2022,43225
02-03-2022,44460
03-03-2022,43981
04-03-2022,42492
05-03-2022,39200
06-03-2022,39463
07-03-2022,38443
08-03-2022,38076
09-03-2022,38733
10-03-2022,41986
11-03-2022,39468
12-03-2022,38775
13-03-2022,38904
14-03-2022,37853
15-03-2022,39669
16-03-2022,39332
17-03-2022,41166
18-03-2022,41002
19-03-2022,41837
20-03-2022,42202
21-03-2022,41283
22-03-2022,41062
23-03-2022,42402
24-03-2022,42802
25-03-2022,43936
26-03-2022,44332
27-03-2022,44511
28-03-2022,46715
29-03-2022,46995
30-03-2022,47459
31-03-2022,47063
01-04-2022,45528
02-04-2022,46270
03-04-2022,45842
04-04-2022,46435
05-04-2022,46623
06-04-2022,45635
07-04-2022,43199
08-04-2022,43515
09-04-2022,42316
10-04-2022,42796
11-04-2022,42275
12-04-2022,39604
13-04-2022,40206
14-04-2022,41205
15-04-2022,39959
16-04-2022,40587
17-04-2022,40450
18-04-2022,39739
19-04-2022,40834
20-04-2022,41498
21-04-2022,41397
22-04-2022,40529
23-04-2022,39757
24-04-2022,39562
25-04-2022,39469
26-04-2022,40489
27-04-2022,38134
28-04-2022,39238
29-04-2022,39742
30-04-2022,38651
01-05-2022,37821
02-05-2022,38538
03-05-2022,38562
04-05-2022,37758
05-05-2022,39699
06-05-2022,36612
07-05-2022,36116
08-05-2022,35573
09-05-2022,34070
10-05-2022,30270
11-05-2022,31027
12-05-2022,28913
13-05-2022,29126
14-05-2022,29311
15-05-2022,30189
16-05-2022,31319
17-05-2022,29924
18-05-2022,30502
19-05-2022,28772
20-05-2022,30382
21-05-2022,29257
22-05-2022,29492
23-05-2022,30351
24-05-2022,29163
25-05-2022,29655
26-05-2022,29585
27-05-2022,29347
28-05-2022,28647
29-05-2022,29088
30-05-2022,29493
31-05-2022,31741
01-06-2022,31866
02-06-2022,29833
03-06-2022,30481
04-06-2022,29714
05-06-2022,29872
06-06-2022,29918
07-06-2022,31373
08-06-2022,31265
09-06-2022,30229
10-06-2022,30101
11-06-2022,29101
12-06-2022,28374
13-06-2022,26767
14-06-2022,22526
15-06-2022,22245
16-06-2022,22529
17-06-2022,20409
18-06-2022,20473
19-06-2022,19047
20-06-2022,20516
21-06-2022,20637
22-06-2022,20701
23-06-2022,19984
24-06-2022,21100
25-06-2022,21263
26-06-2022,21526
27-06-2022,21053
28-06-2022,20751
29-06-2022,20283
30-06-2022,20109
01-07-2022,19608
02-07-2022,19407
03-07-2022,19268
04-07-2022,19310
05-07-2022,20257
06-07-2022,20189
07-07-2022,20567
08-07-2022,21661
09-07-2022,21859
10-07-2022,21590
11-07-2022,20860
12-07-2022,19998
13-07-2022,19351
14-07-2022,20225
15-07-2022,20575
16-07-2022,20795
17-07-2022,21193
18-07-2022,20824
19-07-2022,22395
20-07-2022,23367
21-07-2022,23313
22-07-2022,23155
23-07-2022,22697
24-07-2022,22506
25-07-2022,22614
26-07-2022,21330
27-07-2022,21236
28-07-2022,22909
29-07-2022,23822
30-07-2022,23848
31-07-2022,23653
01-08-2022,23380
02-08-2022,23334
03-08-2022,23054
04-08-2022,22860
05-08-2022,22678
06-08-2022,23225
07-08-2022,22985
08-08-2022,23198
09-08-2022,23824
10-08-2022,23204
11-08-2022,23949
12-08-2022,23949
13-08-2022,24411
14-08-2022,24434
15-08-2022,24313
16-08-2022,24179
17-08-2022,23913
18-08-2022,23359
19-08-2022,23248
20-08-2022,20946
21-08-2022,21175
22-08-2022,21616
23-08-2022,21388
24-08-2022,21562
25-08-2022,21395
26-08-2022,21618
27-08-2022,20271
28-08-2022,20070
29-08-2022,19659
30-08-2022,20309
31-08-2022,19805
01-09-2022,20024
02-09-2022,20154
03-09-2022,19941
04-09-2022,19815
05-09-2022,19980
06-09-2022,19786
07-09-2022,18860
08-09-2022,19281
09-09-2022,19323
10-09-2022,21360
11-09-2022,21707
12-09-2022,21740
13-09-2022,22340
14-09-2022,20185
15-09-2022,20256
16-09-2022,19702
17-09-2022,19764
18-09-2022,20132
19-09-2022,19437
20-09-2022,19570
21-09-2022,18870
22-09-2022,18540
23-09-2022,19464
24-09-2022,19292
25-09-2022,18940
26-09-2022,18809
27-09-2022,19220
28-09-2022,19116
29-09-2022,19445
30-09-2022,19564
01-10-2022,19477
02-10-2022,19314
03-10-2022,19065
04-10-2022,19621
05-10-2022,20345
06-10-2022,20162
07-10-2022,19949
08-10-2022,19457
09-10-2022,19418
10-10-2022,19448
11-10-2022,19143
12-10-2022,19059
13-10-2022,19153
14-10-2022,19384
15-10-2022,19198
16-10-2022,19073
17-10-2022,19273
18-10-2022,19558
19-10-2022,19348
20-10-2022,19134
21-10-2022,19031
22-10-2022,19173
23-10-2022,19204
24-10-2022,19575
25-10-2022,19317
26-10-2022,20095
27-10-2022,20774
28-10-2022,20278
29-10-2022,20591
30-10-2022,20801
31-10-2022,20624
01-11-2022,20495
02-11-2022,20490
03-11-2022,20163
04-11-2022,20211
05-11-2022,21150
06-11-2022,21283
07-11-2022,20907
08-11-2022,20598
09-11-2022,18562
10-11-2022,15742
11-11-2022,17595
12-11-2022,17080
13-11-2022,16798
14-11-2022,16344
15-11-2022,16646
16-11-2022,16891
17-11-2022,16689
18-11-2022,16718
19-11-2022,16707
20-11-2022,16713
21-11-2022,16304
22-11-2022,15814
23-11-2022,16172
24-11-2022,16608
25-11-2022,16596
26-11-2022,16524
27-11-2022,16456
28-11-2022,16459
29-11-2022,16222
30-11-2022,16442
01-12-2022,17187
02-12-2022,16973
03-12-2022,17085
04-12-2022,16923
05-12-2022,17150
06-12-2022,16973
07-12-2022,17086
08-12-2022,16851
09-12-2022,17235
10-12-2022,17150
11-12-2022,17125
12-12-2022,17101
13-12-2022,17180
14-12-2022,17784
15-12-2022,17809
16-12-2022,17338
17-12-2022,16624
18-12-2022,16806
19-12-2022,16743
20-12-2022,16423
21-12-2022,16899
22-12-2022,16817
23-12-2022,16825
24-12-2022,16791
25-12-2022,16849
26-12-2022,16842
27-12-2022,16900
28-12-2022,16702
29-12-2022,16539
30-12-2022,16644
31-12-2022,16604
01-01-2023,16541
02-01-2023,16616
03-01-2023,16674
04-01-2023,16678
05-01-2023,16855
06-01-2023,16832
07-01-2023,16960
08-01-2023,16951
09-01-2023,17075
10-01-2023,17195
11-01-2023,17437
12-01-2023,17997
13-01-2023,18867
14-01-2023,19942
15-01-2023,21019
16-01-2023,20853
17-01-2023,21175
18-01-2023,21157
19-01-2023,20727
20-01-2023,21082
21-01-2023,22706
22-01-2023,22771
23-01-2023,22737
24-01-2023,22985
25-01-2023,22610
26-01-2023,23180
27-01-2023,23025
28-01-2023,23083
29-01-2023,23022
30-01-2023,23797
31-01-2023,22840
01-02-2023,23137
02-02-2023,23725
03-02-2023,23540
04-02-2023,23452
05-02-2023,23340
06-02-2023,22946
07-02-2023,22786
08-02-2023,23295
09-02-2023,22948
10-02-2023,21821
11-02-2023,21630
12-02-2023,21889
13-02-2023,21780
14-02-2023,21808
15-02-2023,22220
16-02-2023,24308
17-02-2023,23757
18-02-2023,24629
19-02-2023,24643
20-02-2023,24284
21-02-2023,24787
22-02-2023,24417
23-02-2023,24146
24-02-2023,23951
25-02-2023,23172
26-02-2023,23157
27-02-2023,23541
28-02-2023,23518
01-03-2023,23156
02-03-2023,23634
03-03-2023,23464
04-03-2023,22367
05-03-2023,22348
06-03-2023,22422
07-03-2023,22415
08-03-2023,22217
09-03-2023,21713
10-03-2023,20376
11-03-2023,20195
12-03-2023,20522
13-03-2023,22096
14-03-2023,24179
15-03-2023,24759
16-03-2023,24471
17-03-2023,25161
18-03-2023,27467
19-03-2023,27108
20-03-2023,28187
21-03-2023,27929
22-03-2023,28264
23-03-2023,27449
24-03-2023,28460
25-03-2023,27595
26-03-2023,27670
27-03-2023,28048
28-03-2023,27182
29-03-2023,27291
30-03-2023,28395
31-03-2023,28041
01-04-2023,28517
02-04-2023,28499
03-04-2023,28237
04-04-2023,27815
05-04-2023,28175
06-04-2023,28197
07-04-2023,28043
08-04-2023,27934
09-04-2023,27968
10-04-2023,28351
11-04-2023,29658
12-04-2023,30261
13-04-2023,29904
14-04-2023,30405
15-04-2023,30468
16-04-2023,30312
17-04-2023,30305
18-04-2023,29467
19-04-2023,30366
20-04-2023,28833
21-04-2023,28256
22-04-2023,27300
23-04-2023,27862
24-04-2023,27607
25-04-2023,27512
26-04-2023,28351
27-04-2023,28352
28-04-2023,29484
29-04-2023,29340
30-04-2023,29218
01-05-2023,29362
02-05-2023,28126
03-05-2023,28654
04-05-2023,28988
05-05-2023,28846
06-05-2023,29520
07-05-2023,28888
08-05-2023,28611
09-05-2023,27697
10-05-2023,27607
11-05-2023,27640
12-05-2023,27025
13-05-2023,26788
14-05-2023,26798
15-05-2023,26912
16-05-2023,27228
17-05-2023,27023
18-05-2023,27390
19-05-2023,26843
20-05-2023,26884
21-05-2023,27094
22-05-2023,26774
23-05-2023,26870
24-05-2023,27223
25-05-2023,26339
26-05-2023,26476
27-05-2023,26718
28-05-2023,26848
29-05-2023,28110
30-05-2023,27760
31-05-2023,27714
01-06-2023,27245
02-06-2023,26824
03-06-2023,27248
04-06-2023,27066
05-06-2023,27315
06-06-2023,25793
07-06-2023,27217
08-06-2023,26346
09-06-2023,26508
10-06-2023,26470
11-06-2023,25858
12-06-2023,25917
13-06-2023,25910
14-06-2023,25872
15-06-2023,25108
16-06-2023,25565
17-06-2023,26327
18-06-2023,26501
19-06-2023,26333
20-06-2023,26779
21-06-2023,28331
22-06-2023,30102
23-06-2023,29936
24-06-2023,30629
25-06-2023,30538
26-06-2023,30455
27-06-2023,30286
28-06-2023,30694
29-06-2023,30083
30-06-2023,30467
01-07-2023,30481
02-07-2023,30584
03-07-2023,30572
04-07-2023,31135
05-07-2023,30776
06-07-2023,30485
07-07-2023,29990
08-07-2023,30315
09-07-2023,30264
10-07-2023,30170
11-07-2023,30394
12-07-2023,30621
13-07-2023,30407
14-07-2023,31446
15-07-2023,30312
16-07-2023,30298
17-07-2023,30237
18-07-2023,30148
19-07-2023,29848
20-07-2023,29920
21-07-2023,29787
22-07-2023,29915
23-07-2023,29710
24-07-2023,30058
25-07-2023,29185
26-07-2023,29223
27-07-2023,29364
28-07-2023,29200
29-07-2023,29314
30-07-2023,29357
31-07-2023,29278
01-08-2023,29233
02-08-2023,29537
03-08-2023,29147
04-08-2023,29176
05-08-2023,29088
06-08-2023,29047
07-08-2023,29044
08-08-2023,29178
09-08-2023,29780
10-08-2023,29585
11-08-2023,29424
12-08-2023,29397
13-08-2023,29412
14-08-2023,29285
15-08-2023,29401
16-08-2023,29170
17-08-2023,28754
18-08-2023,26502
19-08-2023,26043
20-08-2023,26105
21-08-2023,26161
22-08-2023,26119
23-08-2023,26034
24-08-2023,26450
25-08-2023,26135
26-08-2023,26044
27-08-2023,26002
28-08-2023,26083
29-08-2023,26109
30-08-2023,27731
31-08-2023,27297
01-09-2023,25927
02-09-2023,25812
03-09-2023,25854
04-09-2023,25960
05-09-2023,25829
06-09-2023,25784
07-09-2023,25753
08-09-2023,26192
09-09-2023,25907
10-09-2023,25889
11-09-2023,25835
12-09-2023,25133
13-09-2023,25867
14-09-2023,26223
15-09-2023,26531
16-09-2023,26635
17-09-2023,26558
18-09-2023,26521
19-09-2023,26741
20-09-2023,27219
21-09-2023,27116
22-09-2023,26561
23-09-2023,26572
24-09-2023,26574
25-09-2023,26250
26-09-2023,26299
27-09-2023,26205
28-09-2023,26350
29-09-2023,27009
30-09-2023,26917
01-10-2023,26970
02-10-2023,27968
03-10-2023,27615
04-10-2023,27439
05-10-2023,27792
06-10-2023,27436
07-10-2023,27958
08-10-2023,27978
09-10-2023,27948
10-10-2023,27594
11-10-2023,27392
12-10-2023,26842
13-10-2023,26729
14-10-2023,26841
15-10-2023,26863
16-10-2023,27150
17-10-2023,28513
18-10-2023,28418
19-10-2023,28328
20-10-2023,28716
21-10-2023,29677
22-10-2023,29920
23-10-2023,30019
24-10-2023,32953
25-10-2023,33847
26-10-2023,34472
27-10-2023,34174
28-10-2023,33899
29-10-2023,34093
30-10-2023,34556
31-10-2023,34499
01-11-2023,34672
02-11-2023,35457
03-11-2023,34924
04-11-2023,34731
05-11-2023,35048
06-11-2023,35062
07-11-2023,35031
08-11-2023,35437
09-11-2023,35795
10-11-2023,36768
11-11-2023,37344
12-11-2023,37123
13-11-2023,37068
14-11-2023,36549
15-11-2023,35545
16-11-2023,37904
17-11-2023,36202
18-11-2023,36528
19-11-2023,36582
20-11-2023,37414
21-11-2023,37489
22-11-2023,35965
23-11-2023,37465
24-11-2023,37293
25-11-2023,37739
26-11-2023,37810
27-11-2023,37492
28-11-2023,37250
29-11-2023,37802
30-11-2023,37810
01-12-2023,37712
02-12-2023,38688
03-12-2023,39482
04-12-2023,39960
05-12-2023,41974
06-12-2023,44106
07-12-2023,43788
08-12-2023,43270
09-12-2023,44202
10-12-2023,43745
11-12-2023,43758
12-12-2023,41201
13-12-2023,41451
14-12-2023,42932
15-12-2023,43010
16-12-2023,41992
17-12-2023,42247
18-12-2023,41411
19-12-2023,42684
20-12-2023,42250
21-12-2023,43634
22-12-2023,43850
23-12-2023,44004
24-12-2023,43752
25-12-2023,43035
26-12-2023,43638
27-12-2023,42516
28-12-2023,43418
29-12-2023,42601
30-12-2023,42075
31-12-2023,42221
01-01-2024,42208
02-01-2024,44169
03-01-2024,44995
04-01-2024,42822
05-01-2024,44196
06-01-2024,44114
07-01-2024,43956
08-01-2024,43884
09-01-2024,46936
10-01-2024,46106
11-01-2024,46632
12-01-2024,46314
13-01-2024,42894
14-01-2024,42848
15-01-2024,41801
16-01-2024,42587
17-01-2024,43148
18-01-2024,42714
19-01-2024,41261
20-01-2024,41601
21-01-2024,41626
22-01-2024,41542
23-01-2024,39505
24-01-2024,39833
25-01-2024,40124
26-01-2024,39938
27-01-2024,41863
28-01-2024,42120
29-01-2024,42027
30-01-2024,43268
31-01-2024,42892
01-02-2024,42583
02-02-2024,43069
03-02-2024,43171
04-02-2024,42977
05-02-2024,42599
06-02-2024,42648
07-02-2024,43088
08-02-2024,44247
09-02-2024,45338
10-02-2024,47143
11-02-2024,47769
12-02-2024,48190
13-02-2024,50050
14-02-2024,49732
15-02-2024,51790
16-02-2024,51958
17-02-2024,52166
18-02-2024,51685
19-02-2024,52138
20-02-2024,51764
21-02-2024,52287
22-02-2024,51843
23-02-2024,51320
24-02-2024,50841
25-02-2024,51553
26-02-2024,51752
27-02-2024,54478
28-02-2024,57004
29-02-2024,62559
01-03-2024,61298
02-03-2024,62427
03-03-2024,62068
04-03-2024,63053
05-03-2024,68187
06-03-2024,64292
07-03-2024,66146
08-03-2024,66945
09-03-2024,68315
10-03-2024,68508
11-03-2024,69076
12-03-2024,72131
13-03-2024,71467
14-03-2024,73098
15-03-2024,71420
16-03-2024,69498
17-03-2024,65292
18-03-2024,68425
19-03-2024,67709
20-03-2024,62133
21-03-2024,67819
22-03-2024,65536
23-03-2024,63509
24-03-2024,64286
25-03-2024,67311
26-03-2024,69939
27-03-2024,70082
28-03-2024,69436
29-03-2024,70710
30-03-2024,69919
31-03-2024,69702
01-04-2024,71247
02-04-2024,69786
03-04-2024,65440
04-04-2024,66124
05-04-2024,68542
06-04-2024,67979
07-04-2024,69001
08-04-2024,69402
09-04-2024,71624
10-04-2024,69159
11-04-2024,70528
12-04-2024,70107
13-04-2024,67252
14-04-2024,64405
15-04-2024,65753
16-04-2024,63431
17-04-2024,63721
18-04-2024,61329
19-04-2024,63462
20-04-2024,63989
21-04-2024,64894
22-04-2024,64936
23-04-2024,66842
24-04-2024,66407
25-04-2024,64280
26-04-2024,64486
27-04-2024,63802
28-04-2024,63517
29-04-2024,63030
30-04-2024,63798
01-05-2024,60749
02-05-2024,58298
03-05-2024,59135
04-05-2024,62839
05-05-2024,63820
06-05-2024,64010
07-05-2024,63172
08-05-2024,62363
09-05-2024,61216
10-05-2024,63149
11-05-2024,60888
12-05-2024,60777
